"hw.number","mean.temp","max.temp","min.temp","length","start.date","end.date","start.doy","start.month","days.above.80","days.above.85","days.above.90","days.above.95","days.above.99th","days.above.99.5th","first.in.season","threshold","mean.temp.quantile","max.temp.quantile","min.temp.quantile","mean.temp.1","mean.summer.temp","city"
1,84.407,85.136,83.6780000000001,2,2070-06-05,2070-06-06,155,6,2,1,0,0,0,0,1,82.92344,0.866575342465753,0.885205479452055,0.846849315068493,63.9747265753425,80.2495647058823,"balt"
2,85.7732,86.99,84.4700000000001,5,2070-06-15,2070-06-19,165,6,5,4,0,0,0,0,0,82.92344,0.903287671232877,0.93041095890411,0.867671232876712,63.9747265753425,80.2495647058823,"balt"
3,85.361,85.9280000000001,84.794,2,2070-06-30,2070-07-01,180,6,2,1,0,0,0,0,0,82.92344,0.891780821917808,0.907945205479452,0.877260273972603,63.9747265753425,80.2495647058823,"balt"
4,85.1684,85.892,84.128,5,2070-07-03,2070-07-07,183,7,5,3,0,0,0,0,0,82.92344,0.885479452054795,0.906575342465753,0.856712328767123,63.9747265753425,80.2495647058823,"balt"
5,83.669,83.6780000000001,83.66,2,2070-07-10,2070-07-11,190,7,2,0,0,0,0,0,0,82.92344,0.845479452054794,0.846849315068493,0.845479452054794,63.9747265753425,80.2495647058823,"balt"
6,86.6433714285714,91.256,83.03,35,2070-07-13,2070-08-16,193,7,35,27,3,0,0,0,0,82.92344,0.921369863013699,0.988767123287671,0.83013698630137,63.9747265753425,80.2495647058823,"balt"
7,84.608,85.748,83.5159999999999,6,2070-08-20,2070-08-25,231,8,6,2,0,0,0,0,0,82.92344,0.871780821917808,0.902739726027397,0.841369863013699,63.9747265753425,80.2495647058823,"balt"
8,83.381,83.624,83.138,2,2070-09-02,2070-09-03,244,9,2,0,0,0,0,0,0,82.92344,0.838904109589041,0.844383561643836,0.833972602739726,63.9747265753425,80.2495647058823,"balt"
9,83.5699999999999,83.7319999999999,83.408,2,2070-09-14,2070-09-15,256,9,2,0,0,0,0,0,0,82.92344,0.842191780821918,0.847671232876712,0.83972602739726,63.9747265753425,80.2495647058823,"balt"
10,84.7472,86.432,84.038,5,2071-06-15,2071-06-19,165,6,5,1,0,0,0,0,1,82.92344,0.874794520547945,0.916164383561644,0.855068493150685,63.9747265753425,80.2495647058823,"balt"
11,85.6255999999999,86.7739999999999,83.57,5,2071-06-21,2071-06-25,171,6,5,4,0,0,0,0,0,82.92344,0.897808219178082,0.924657534246575,0.843287671232877,63.9747265753425,80.2495647058823,"balt"
12,89.078,90.122,87.6200000000001,3,2071-06-27,2071-06-29,177,6,3,3,1,0,0,0,0,82.92344,0.96958904109589,0.978082191780822,0.943561643835616,63.9747265753425,80.2495647058823,"balt"
13,86.5940000000001,87.9260000000001,85.262,2,2071-07-01,2071-07-02,181,7,2,2,0,0,0,0,0,82.92344,0.921369863013699,0.950684931506849,0.887945205479452,63.9747265753425,80.2495647058823,"balt"
14,85.658,87.4760000000001,84.218,5,2071-07-08,2071-07-12,188,7,5,3,0,0,0,0,0,82.92344,0.899452054794521,0.940821917808219,0.85972602739726,63.9747265753425,80.2495647058823,"balt"
15,87.656,93.344,83.93,12,2071-07-14,2071-07-25,194,7,12,10,2,0,1,1,0,82.92344,0.943835616438356,0.995068493150685,0.851780821917808,63.9747265753425,80.2495647058823,"balt"
16,88.3061176470588,94.442,83.012,17,2071-07-29,2071-08-14,209,7,17,14,4,0,2,1,0,82.92344,0.958082191780822,0.997534246575343,0.829315068493151,63.9747265753425,80.2495647058823,"balt"
17,84.353,85.7119999999999,82.994,2,2071-08-18,2071-08-19,229,8,2,1,0,0,0,0,0,82.92344,0.865205479452055,0.901369863013699,0.829041095890411,63.9747265753425,80.2495647058823,"balt"
18,86.9405,88.376,85.316,8,2071-08-21,2071-08-28,232,8,8,8,0,0,0,0,0,82.92344,0.928767123287671,0.959178082191781,0.88958904109589,63.9747265753425,80.2495647058823,"balt"
19,84.479,84.704,84.254,2,2072-05-26,2072-05-27,146,5,2,0,0,0,0,0,1,82.92344,0.867671232876712,0.874520547945206,0.861369863013699,63.9747265753425,80.2495647058823,"balt"
20,83.831,84.2899999999999,83.372,2,2072-06-22,2072-06-23,173,6,2,0,0,0,0,0,0,82.92344,0.85013698630137,0.862739726027397,0.838904109589041,63.9747265753425,80.2495647058823,"balt"
21,85.64,86.5579999999999,84.5239999999999,3,2072-07-02,2072-07-04,183,7,3,2,0,0,0,0,0,82.92344,0.898904109589041,0.920547945205479,0.86986301369863,63.9747265753425,80.2495647058823,"balt"
22,86.594,89.186,84.3079999999999,5,2072-07-14,2072-07-18,195,7,5,4,0,0,0,0,0,82.92344,0.921369863013699,0.970958904109589,0.863561643835616,63.9747265753425,80.2495647058823,"balt"
23,84.926,87.098,83.4619999999999,6,2072-07-23,2072-07-28,204,7,6,3,0,0,0,0,0,82.92344,0.881095890410959,0.932602739726027,0.840821917808219,63.9747265753425,80.2495647058823,"balt"
24,88.205,93.6319999999999,83.768,10,2072-07-31,2072-08-09,212,7,10,7,3,0,1,1,0,82.92344,0.957260273972603,0.995616438356164,0.848493150684931,63.9747265753425,80.2495647058823,"balt"
25,86.8208,88.9520000000001,84.398,5,2072-08-12,2072-08-16,224,8,5,4,0,0,0,0,0,82.92344,0.926301369863014,0.968219178082192,0.866575342465753,63.9747265753425,80.2495647058823,"balt"
26,85.622,87.224,83.5339999999999,5,2072-08-25,2072-08-29,237,8,5,3,0,0,0,0,0,82.92344,0.897808219178082,0.935068493150685,0.841917808219178,63.9747265753425,80.2495647058823,"balt"
27,84.29,84.344,84.236,2,2072-08-31,2072-09-01,243,8,2,0,0,0,0,0,0,82.92344,0.862739726027397,0.865205479452055,0.860821917808219,63.9747265753425,80.2495647058823,"balt"
28,86.7405714285714,87.7459999999999,83.768,7,2073-06-08,2073-06-14,158,6,7,6,0,0,0,0,1,82.92344,0.922739726027397,0.946849315068493,0.848493150684931,63.9747265753425,80.2495647058823,"balt"
29,84.4429999999999,84.5959999999999,84.2899999999999,2,2073-06-30,2073-07-01,180,6,2,0,0,0,0,0,0,82.92344,0.867123287671233,0.871780821917808,0.862739726027397,63.9747265753425,80.2495647058823,"balt"
30,88.4954545454545,92.3,85.3339999999999,11,2073-07-03,2073-07-13,183,7,11,11,3,0,1,0,0,82.92344,0.960547945205479,0.992328767123288,0.890958904109589,63.9747265753425,80.2495647058823,"balt"
31,89.366,92.552,84.8839999999998,8,2073-07-17,2073-07-24,197,7,8,7,4,0,2,0,0,82.92344,0.972054794520548,0.993150684931507,0.879452054794521,63.9747265753425,80.2495647058823,"balt"
32,86.3410526315789,89.888,83.8219999999999,19,2073-07-27,2073-08-14,207,7,19,12,0,0,0,0,0,82.92344,0.914246575342466,0.976438356164384,0.85013698630137,63.9747265753425,80.2495647058823,"balt"
33,84.452,85.136,84.002,3,2073-09-03,2073-09-05,245,9,3,1,0,0,0,0,0,82.92344,0.867123287671233,0.885205479452055,0.853698630136986,63.9747265753425,80.2495647058823,"balt"
34,85.01,85.0819999999999,84.956,3,2073-09-07,2073-09-09,249,9,3,1,0,0,0,0,0,82.92344,0.882191780821918,0.883287671232877,0.881643835616438,63.9747265753425,80.2495647058823,"balt"
35,83.252,83.48,82.994,3,2074-06-22,2074-06-24,172,6,3,0,0,0,0,0,1,82.92344,0.836438356164384,0.841095890410959,0.829041095890411,63.9747265753425,80.2495647058823,"balt"
36,88.58,90.914,84.794,9,2074-06-28,2074-07-06,178,6,9,8,3,0,0,0,0,82.92344,0.962465753424658,0.984931506849315,0.877260273972603,63.9747265753425,80.2495647058823,"balt"
37,87.2827142857143,93.956,83.102,42,2074-07-17,2074-08-27,197,7,42,36,6,0,2,1,0,82.92344,0.936438356164384,0.996712328767123,0.832602739726027,63.9747265753425,80.2495647058823,"balt"
38,84.839,85.46,84.2899999999999,4,2074-09-01,2074-09-04,243,9,4,1,0,0,0,0,0,82.92344,0.878082191780822,0.894520547945206,0.862739726027397,63.9747265753425,80.2495647058823,"balt"
39,85.902,88.682,82.9399999999999,9,2074-09-07,2074-09-15,249,9,9,7,0,0,0,0,0,82.92344,0.906575342465753,0.965753424657534,0.827671232876712,63.9747265753425,80.2495647058823,"balt"
40,84.956,85.28,84.6319999999999,2,2075-06-04,2075-06-05,154,6,2,1,0,0,0,0,1,82.92344,0.881643835616438,0.888493150684932,0.872054794520548,63.9747265753425,80.2495647058823,"balt"
41,85.199,85.7119999999999,84.686,2,2075-06-14,2075-06-15,164,6,2,1,0,0,0,0,0,82.92344,0.886301369863014,0.901369863013699,0.873150684931507,63.9747265753425,80.2495647058823,"balt"
42,85.667,88.0159999999999,83.948,10,2075-06-18,2075-06-27,168,6,10,6,0,0,0,0,0,82.92344,0.899452054794521,0.952328767123288,0.852328767123288,63.9747265753425,80.2495647058823,"balt"
43,87.1494285714286,88.772,84.164,7,2075-07-04,2075-07-10,184,7,7,6,0,0,0,0,0,82.92344,0.932876712328767,0.966575342465753,0.858082191780822,63.9747265753425,80.2495647058823,"balt"
44,87.074,90.986,83.714,6,2075-07-12,2075-07-17,192,7,6,5,1,0,0,0,0,82.92344,0.931780821917808,0.985753424657534,0.847397260273973,63.9747265753425,80.2495647058823,"balt"
45,86.7176,90.6440000000001,83.786,15,2075-07-19,2075-08-02,199,7,15,12,2,0,0,0,0,82.92344,0.922191780821918,0.983013698630137,0.849041095890411,63.9747265753425,80.2495647058823,"balt"
46,87.7992173913043,96.296,83.228,23,2075-08-04,2075-08-26,215,8,23,19,5,1,1,1,0,82.92344,0.946849315068493,0.99972602739726,0.836438356164384,63.9747265753425,80.2495647058823,"balt"
47,87.566,88.628,86.792,4,2075-08-28,2075-08-31,239,8,4,4,0,0,0,0,0,82.92344,0.942465753424658,0.964657534246575,0.925479452054795,63.9747265753425,80.2495647058823,"balt"
48,86.75,89.222,83.228,3,2075-09-03,2075-09-05,245,9,3,2,0,0,0,0,0,82.92344,0.922739726027397,0.971506849315068,0.836438356164384,63.9747265753425,80.2495647058823,"balt"
49,85.6778,88.196,84.4339999999999,10,2075-09-10,2075-09-19,252,9,10,7,0,0,0,0,0,82.92344,0.90027397260274,0.957260273972603,0.867123287671233,63.9747265753425,80.2495647058823,"balt"
50,84.284,85.046,83.3,3,2076-05-23,2076-05-25,143,5,3,1,0,0,0,0,1,82.92344,0.861643835616438,0.882739726027397,0.838082191780822,63.9747265753425,80.2495647058823,"balt"
51,85.1792,86.9179999999999,82.9760000000001,5,2076-06-15,2076-06-19,166,6,5,3,0,0,0,0,0,82.92344,0.886027397260274,0.928767123287671,0.828219178082192,63.9747265753425,80.2495647058823,"balt"
52,84.515,84.83,84.2,2,2076-06-21,2076-06-22,172,6,2,0,0,0,0,0,0,82.92344,0.869041095890411,0.878082191780822,0.858904109589041,63.9747265753425,80.2495647058823,"balt"
53,88.61504,94.604,83.57,25,2076-06-26,2076-07-20,177,6,25,21,7,0,4,3,0,82.92344,0.963835616438356,0.998356164383562,0.843287671232877,63.9747265753425,80.2495647058823,"balt"
54,85.6292,87.5480000000001,83.6060000000001,5,2076-07-30,2076-08-03,211,7,5,3,0,0,0,0,0,82.92344,0.897808219178082,0.942191780821918,0.844109589041096,63.9747265753425,80.2495647058823,"balt"
55,88.156,92.588,83.03,9,2076-08-06,2076-08-14,218,8,9,8,1,0,1,0,0,82.92344,0.955616438356164,0.993424657534247,0.83013698630137,63.9747265753425,80.2495647058823,"balt"
56,89.5712,94.46,85.118,5,2076-08-16,2076-08-20,228,8,5,5,3,0,2,1,0,82.92344,0.973972602739726,0.997808219178082,0.884657534246575,63.9747265753425,80.2495647058823,"balt"
57,86.135,88.0339999999999,83.138,4,2076-08-26,2076-08-29,238,8,4,3,0,0,0,0,0,82.92344,0.91013698630137,0.952602739726027,0.833972602739726,63.9747265753425,80.2495647058823,"balt"
58,84.4088,85.748,83.642,5,2076-09-05,2076-09-09,248,9,5,1,0,0,0,0,0,82.92344,0.866575342465753,0.902739726027397,0.844931506849315,63.9747265753425,80.2495647058823,"balt"
59,86.09,89.042,83.768,4,2077-06-30,2077-07-03,180,6,4,2,0,0,0,0,1,82.92344,0.90958904109589,0.969041095890411,0.848493150684931,63.9747265753425,80.2495647058823,"balt"
60,87.8405,89.618,85.91,4,2077-07-09,2077-07-12,189,7,4,4,0,0,0,0,0,82.92344,0.947397260273973,0.974520547945205,0.907397260273973,63.9747265753425,80.2495647058823,"balt"
61,87.44,93.8659999999999,84.038,23,2077-07-17,2077-08-08,197,7,23,19,3,0,1,1,0,82.92344,0.939452054794521,0.996438356164384,0.855068493150685,63.9747265753425,80.2495647058823,"balt"
62,87.4188235294117,92.0839999999999,84.506,17,2077-08-10,2077-08-26,221,8,17,13,4,0,1,0,0,82.92344,0.938904109589041,0.99013698630137,0.869041095890411,63.9747265753425,80.2495647058823,"balt"
63,85.73,88.196,83.6780000000001,6,2077-08-28,2077-09-02,239,8,6,3,0,0,0,0,0,82.92344,0.902191780821918,0.957260273972603,0.846849315068493,63.9747265753425,80.2495647058823,"balt"
64,87.344,90.806,83.0839999999999,3,2078-06-30,2078-07-02,180,6,3,2,1,0,0,0,1,82.92344,0.937808219178082,0.984109589041096,0.832328767123288,63.9747265753425,80.2495647058823,"balt"
65,84.4475,85.73,83.1200000000001,4,2078-07-08,2078-07-11,188,7,4,1,0,0,0,0,0,82.92344,0.867123287671233,0.902191780821918,0.833150684931507,63.9747265753425,80.2495647058823,"balt"
66,84.749,86.306,83.192,2,2078-07-14,2078-07-15,194,7,2,1,0,0,0,0,0,82.92344,0.874794520547945,0.913972602739726,0.835068493150685,63.9747265753425,80.2495647058823,"balt"
67,85.196,86.27,84.3619999999999,3,2078-07-18,2078-07-20,198,7,3,1,0,0,0,0,0,82.92344,0.886301369863014,0.913698630136986,0.865479452054794,63.9747265753425,80.2495647058823,"balt"
68,86.342,89.222,83.6780000000001,5,2078-07-22,2078-07-26,202,7,5,3,0,0,0,0,0,82.92344,0.914246575342466,0.971506849315068,0.846849315068493,63.9747265753425,80.2495647058823,"balt"
69,87.4441538461538,90.194,83.858,13,2078-07-28,2078-08-09,208,7,13,12,2,0,0,0,0,82.92344,0.939452054794521,0.979452054794521,0.850958904109589,63.9747265753425,80.2495647058823,"balt"
70,84.344,85.658,83.03,2,2078-08-11,2078-08-12,222,8,2,1,0,0,0,0,0,82.92344,0.865205479452055,0.899452054794521,0.83013698630137,63.9747265753425,80.2495647058823,"balt"
71,85.6868,87.386,84.704,5,2078-08-14,2078-08-18,225,8,5,4,0,0,0,0,0,82.92344,0.90027397260274,0.938630136986301,0.874520547945206,63.9747265753425,80.2495647058823,"balt"
72,84.212,85.3339999999999,83.3360000000001,3,2078-08-26,2078-08-28,237,8,3,1,0,0,0,0,0,82.92344,0.858904109589041,0.890958904109589,0.838630136986301,63.9747265753425,80.2495647058823,"balt"
73,84.8408,87.566,83.57,5,2078-08-30,2078-09-03,241,8,5,2,0,0,0,0,0,82.92344,0.878082191780822,0.942465753424658,0.843287671232877,63.9747265753425,80.2495647058823,"balt"
74,83.147,83.228,83.066,2,2078-09-09,2078-09-10,251,9,2,0,0,0,0,0,0,82.92344,0.833972602739726,0.836438356164384,0.831780821917808,63.9747265753425,80.2495647058823,"balt"
75,85.0865,85.73,84.164,4,2079-05-30,2079-06-02,149,5,4,2,0,0,0,0,1,82.92344,0.883287671232877,0.902191780821918,0.858082191780822,63.9747265753425,80.2495647058823,"balt"
76,84.965,85.5860000000001,84.344,2,2079-06-07,2079-06-08,157,6,2,1,0,0,0,0,0,82.92344,0.881643835616438,0.897260273972603,0.865205479452055,63.9747265753425,80.2495647058823,"balt"
77,84.758,87.656,83.8219999999999,6,2079-06-26,2079-07-01,176,6,6,1,0,0,0,0,0,82.92344,0.875616438356164,0.944383561643836,0.85013698630137,63.9747265753425,80.2495647058823,"balt"
78,86.7785,90.4999999999999,83.4619999999999,4,2079-07-03,2079-07-06,183,7,4,3,1,0,0,0,0,82.92344,0.924657534246575,0.981643835616438,0.840821917808219,63.9747265753425,80.2495647058823,"balt"
79,90.6705263157895,96.35,84.128,38,2079-07-08,2079-08-14,188,7,38,33,25,4,18,9,0,82.92344,0.983013698630137,1,0.856712328767123,63.9747265753425,80.2495647058823,"balt"
80,84.938,86.414,83.4619999999999,2,2079-08-17,2079-08-18,228,8,2,1,0,0,0,0,0,82.92344,0.881095890410959,0.915890410958904,0.840821917808219,63.9747265753425,80.2495647058823,"balt"
81,85.577,89.186,83.0480000000001,14,2079-08-20,2079-09-02,231,8,14,9,0,0,0,0,0,82.92344,0.896986301369863,0.970958904109589,0.831232876712329,63.9747265753425,80.2495647058823,"balt"
1,82.742,83.714,81.77,2,2070-06-05,2070-06-06,155,6,2,0,0,0,0,0,1,81.2119999999999,0.855342465753425,0.876986301369863,0.84027397260274,61.9635791780822,78.6117176470588,"ny"
2,85.4908571428571,88.556,81.3560000000001,7,2070-06-14,2070-06-20,164,6,7,4,0,0,0,0,0,81.2119999999999,0.91972602739726,0.968219178082192,0.826849315068493,61.9635791780822,78.6117176470588,"ny"
3,82.712,83.66,81.4819999999999,3,2070-06-29,2070-07-01,179,6,3,0,0,0,0,0,0,81.2119999999999,0.854794520547945,0.876164383561644,0.831232876712329,61.9635791780822,78.6117176470588,"ny"
4,83.735,85.838,81.2839999999999,6,2070-07-03,2070-07-08,183,7,6,2,0,0,0,0,0,81.2119999999999,0.878082191780822,0.924931506849315,0.826027397260274,61.9635791780822,78.6117176470588,"ny"
5,83.264,84.4339999999999,82.094,2,2070-07-10,2070-07-11,190,7,2,0,0,0,0,0,0,81.2119999999999,0.867397260273973,0.895342465753425,0.844931506849315,61.9635791780822,78.6117176470588,"ny"
6,85.9926875,90.302,81.2839999999999,32,2070-07-13,2070-08-13,193,7,32,22,1,0,0,0,0,81.2119999999999,0.928767123287671,0.984109589041096,0.826027397260274,61.9635791780822,78.6117176470588,"ny"
7,83.8976,85.1539999999999,83.0839999999999,5,2070-08-21,2070-08-25,232,8,5,1,0,0,0,0,0,81.2119999999999,0.880821917808219,0.912328767123288,0.863287671232877,61.9635791780822,78.6117176470588,"ny"
8,82.166,82.76,81.2659999999999,3,2070-09-01,2070-09-03,243,9,3,0,0,0,0,0,0,81.2119999999999,0.846575342465753,0.856164383561644,0.824931506849315,61.9635791780822,78.6117176470588,"ny"
9,82.0399999999999,82.742,81.5539999999999,3,2070-09-14,2070-09-16,256,9,3,0,0,0,0,0,0,81.2119999999999,0.844657534246575,0.855342465753425,0.833150684931507,61.9635791780822,78.6117176470588,"ny"
10,85.038,87.638,82.544,9,2071-06-17,2071-06-25,167,6,9,4,0,0,0,0,1,81.2119999999999,0.90986301369863,0.956986301369863,0.852876712328767,61.9635791780822,78.6117176470588,"ny"
11,86.558,90.914,82.994,3,2071-06-27,2071-06-29,177,6,3,2,1,0,0,0,0,81.2119999999999,0.940547945205479,0.987397260273973,0.861643835616438,61.9635791780822,78.6117176470588,"ny"
12,85.4790588235294,89.7980000000001,81.4280000000001,17,2071-07-10,2071-07-26,190,7,17,9,0,0,0,0,0,81.2119999999999,0.91972602739726,0.978082191780822,0.829315068493151,61.9635791780822,78.6117176470588,"ny"
13,88.802375,92.1739999999999,84.686,16,2071-07-29,2071-08-13,209,7,16,15,5,0,2,0,0,81.2119999999999,0.970958904109589,0.994794520547945,0.901369863013699,61.9635791780822,78.6117176470588,"ny"
14,86.0405,88.52,84.038,8,2071-08-21,2071-08-28,232,8,8,5,0,0,0,0,0,81.2119999999999,0.929041095890411,0.967945205479452,0.885205479452055,61.9635791780822,78.6117176470588,"ny"
15,83.309,83.948,82.67,2,2072-06-23,2072-06-24,174,6,2,0,0,0,0,0,1,81.2119999999999,0.867945205479452,0.882739726027397,0.854520547945205,61.9635791780822,78.6117176470588,"ny"
16,81.926,82.238,81.4280000000001,3,2072-06-27,2072-06-29,178,6,3,0,0,0,0,0,0,81.2119999999999,0.842739726027397,0.848767123287671,0.829315068493151,61.9635791780822,78.6117176470588,"ny"
17,83.9795,85.946,81.5539999999999,4,2072-07-01,2072-07-04,182,7,4,1,0,0,0,0,0,81.2119999999999,0.883013698630137,0.928767123287671,0.833150684931507,61.9635791780822,78.6117176470588,"ny"
18,84.749,89.006,81.4819999999999,14,2072-07-14,2072-07-27,195,7,14,6,0,0,0,0,0,81.2119999999999,0.903835616438356,0.973698630136986,0.831232876712329,61.9635791780822,78.6117176470588,"ny"
19,84.212,85.3700000000001,82.022,3,2072-07-31,2072-08-02,212,7,3,2,0,0,0,0,0,81.2119999999999,0.889041095890411,0.918630136986301,0.844383561643836,61.9635791780822,78.6117176470588,"ny"
20,88.5812,91.1839999999999,85.3339999999999,5,2072-08-04,2072-08-08,216,8,5,5,2,0,0,0,0,81.2119999999999,0.968219178082192,0.988219178082192,0.916712328767123,61.9635791780822,78.6117176470588,"ny"
21,84.74225,89.9239999999999,81.4280000000001,8,2072-08-10,2072-08-17,222,8,8,3,0,0,0,0,0,81.2119999999999,0.903835616438356,0.97972602739726,0.829315068493151,61.9635791780822,78.6117176470588,"ny"
22,84.533,86.8819999999999,82.1839999999999,8,2072-08-25,2072-09-01,237,8,8,3,0,0,0,0,0,81.2119999999999,0.897260273972603,0.944383561643836,0.847123287671233,61.9635791780822,78.6117176470588,"ny"
23,85.66925,87.008,83.354,8,2073-06-08,2073-06-15,158,6,8,7,0,0,0,0,1,81.2119999999999,0.921917808219178,0.948767123287671,0.869041095890411,61.9635791780822,78.6117176470588,"ny"
24,83.0479999999999,84.6679999999999,81.86,5,2073-06-26,2073-06-30,176,6,5,0,0,0,0,0,0,81.2119999999999,0.862191780821918,0.900821917808219,0.842465753424658,61.9635791780822,78.6117176470588,"ny"
25,87.5365454545454,91.9579999999999,83.354,11,2073-07-03,2073-07-13,183,7,11,9,2,0,1,0,0,81.2119999999999,0.955890410958904,0.992602739726027,0.869041095890411,61.9635791780822,78.6117176470588,"ny"
26,86.6048,92.642,81.2839999999999,20,2073-07-16,2073-08-04,196,7,20,12,6,0,2,1,0,81.2119999999999,0.941369863013699,0.996438356164384,0.826027397260274,61.9635791780822,78.6117176470588,"ny"
27,85.496,88.988,82.3819999999999,9,2073-08-08,2073-08-16,219,8,9,5,0,0,0,0,0,81.2119999999999,0.92,0.973424657534247,0.85013698630137,61.9635791780822,78.6117176470588,"ny"
28,83.0255,84.254,81.4819999999999,4,2073-09-02,2073-09-05,244,9,4,0,0,0,0,0,0,81.2119999999999,0.861643835616438,0.890958904109589,0.831232876712329,61.9635791780822,78.6117176470588,"ny"
29,81.9275,82.868,81.5539999999999,4,2073-09-08,2073-09-11,250,9,4,0,0,0,0,0,0,81.2119999999999,0.842739726027397,0.857534246575342,0.833150684931507,61.9635791780822,78.6117176470588,"ny"
30,83.882,84.6499999999999,83.0480000000001,3,2074-06-22,2074-06-24,172,6,3,0,0,0,0,0,1,81.2119999999999,0.88,0.89972602739726,0.862465753424658,61.9635791780822,78.6117176470588,"ny"
31,87.7658,91.76,82.3999999999999,10,2074-06-27,2074-07-06,177,6,10,7,3,0,2,0,0,81.2119999999999,0.958082191780822,0.991780821917808,0.850684931506849,61.9635791780822,78.6117176470588,"ny"
32,82.967,84.128,81.806,2,2074-07-15,2074-07-16,195,7,2,0,0,0,0,0,0,81.2119999999999,0.86027397260274,0.888767123287671,0.841095890410959,61.9635791780822,78.6117176470588,"ny"
33,88.421,92.4260000000001,83.966,18,2074-07-18,2074-08-04,198,7,18,16,5,0,2,1,0,81.2119999999999,0.967397260273973,0.995890410958904,0.883013698630137,61.9635791780822,78.6117176470588,"ny"
34,87.9836,94.7119999999999,82.4179999999999,20,2074-08-07,2074-08-26,218,8,20,16,5,0,4,3,0,81.2119999999999,0.961643835616438,0.999452054794521,0.850958904109589,61.9635791780822,78.6117176470588,"ny"
35,84.29,87.314,82.3819999999999,4,2074-08-31,2074-09-03,242,8,4,1,0,0,0,0,0,81.2119999999999,0.891780821917808,0.953972602739726,0.85013698630137,61.9635791780822,78.6117176470588,"ny"
36,85.8704,90.248,81.95,10,2074-09-06,2074-09-15,248,9,10,6,1,0,0,0,0,81.2119999999999,0.925205479452055,0.983835616438356,0.843287671232877,61.9635791780822,78.6117176470588,"ny"
37,81.788,82.0399999999999,81.536,2,2074-09-27,2074-09-28,269,9,2,0,0,0,0,0,0,81.2119999999999,0.840547945205479,0.844657534246575,0.831506849315068,61.9635791780822,78.6117176470588,"ny"
38,82.6295,83.8940000000001,81.59,4,2075-06-03,2075-06-06,153,6,4,0,0,0,0,0,1,81.2119999999999,0.853150684931507,0.880821917808219,0.834246575342466,61.9635791780822,78.6117176470588,"ny"
39,84.749,85.946,83.552,2,2075-06-14,2075-06-15,164,6,2,1,0,0,0,0,0,81.2119999999999,0.903835616438356,0.928767123287671,0.873972602739726,61.9635791780822,78.6117176470588,"ny"
40,84.8048,87.908,81.3560000000001,10,2075-06-18,2075-06-27,168,6,10,3,0,0,0,0,0,81.2119999999999,0.904657534246575,0.960547945205479,0.826849315068493,61.9635791780822,78.6117176470588,"ny"
41,86.4194915254237,95.8459999999999,81.5539999999999,59,2075-07-04,2075-08-31,184,7,59,38,6,1,5,5,0,81.2119999999999,0.937260273972603,1,0.833150684931507,61.9635791780822,78.6117176470588,"ny"
42,83.8849999999999,85.658,82.1119999999999,2,2075-09-03,2075-09-04,245,9,2,1,0,0,0,0,0,81.2119999999999,0.88,0.921917808219178,0.845479452054794,61.9635791780822,78.6117176470588,"ny"
43,83.756,85.55,81.662,3,2075-09-06,2075-09-08,248,9,3,1,0,0,0,0,0,81.2119999999999,0.878082191780822,0.92027397260274,0.837260273972603,61.9635791780822,78.6117176470588,"ny"
44,84.2411428571428,86.738,82.652,7,2075-09-13,2075-09-19,255,9,7,2,0,0,0,0,0,81.2119999999999,0.88986301369863,0.942465753424658,0.853698630136986,61.9635791780822,78.6117176470588,"ny"
45,84.083,85.136,83.03,2,2076-05-24,2076-05-25,144,5,2,1,0,0,0,0,1,81.2119999999999,0.886849315068493,0.912054794520548,0.862191780821918,61.9635791780822,78.6117176470588,"ny"
46,83.8175,85.0280000000001,82.166,8,2076-06-15,2076-06-22,166,6,8,1,0,0,0,0,0,81.2119999999999,0.879452054794521,0.90986301369863,0.846575342465753,61.9635791780822,78.6117176470588,"ny"
47,87.48125,92.66,81.338,24,2076-06-27,2076-07-20,178,6,24,18,8,0,4,2,0,81.2119999999999,0.955068493150685,0.996712328767123,0.826301369863014,61.9635791780822,78.6117176470588,"ny"
48,84.299,85.064,83.5339999999999,2,2076-07-25,2076-07-26,206,7,2,1,0,0,0,0,0,81.2119999999999,0.891780821917808,0.910958904109589,0.873150684931507,61.9635791780822,78.6117176470588,"ny"
49,85.274,88.844,81.2839999999999,6,2076-07-30,2076-08-04,211,7,6,3,0,0,0,0,0,81.2119999999999,0.914246575342466,0.972054794520548,0.826027397260274,61.9635791780822,78.6117176470588,"ny"
50,86.1224,92.3360000000001,81.2659999999999,10,2076-08-06,2076-08-15,218,8,10,6,3,0,1,1,0,81.2119999999999,0.93013698630137,0.995616438356164,0.824931506849315,61.9635791780822,78.6117176470588,"ny"
51,87.017,91.2020000000001,82.1839999999999,4,2076-08-17,2076-08-20,229,8,4,2,1,0,0,0,0,81.2119999999999,0.948767123287671,0.988493150684931,0.847123287671233,61.9635791780822,78.6117176470588,"ny"
52,84.686,86.8999999999999,81.8419999999999,4,2076-08-26,2076-08-29,238,8,4,2,0,0,0,0,0,81.2119999999999,0.900821917808219,0.945479452054795,0.842191780821918,61.9635791780822,78.6117176470588,"ny"
53,83.4602,87.08,81.7339999999999,10,2076-09-06,2076-09-15,249,9,10,1,0,0,0,0,0,81.2119999999999,0.87013698630137,0.95013698630137,0.838904109589041,61.9635791780822,78.6117176470588,"ny"
54,85.2439999999999,87.566,82.652,4,2077-06-29,2077-07-02,179,6,4,2,0,0,0,0,1,81.2119999999999,0.913698630136986,0.956712328767123,0.853698630136986,61.9635791780822,78.6117176470588,"ny"
55,85.577,86.252,83.786,4,2077-07-09,2077-07-12,189,7,4,3,0,0,0,0,0,81.2119999999999,0.920821917808219,0.933972602739726,0.879178082191781,61.9635791780822,78.6117176470588,"ny"
56,86.65304,95.414,81.608,25,2077-07-15,2077-08-08,195,7,25,15,5,1,3,2,0,81.2119999999999,0.941643835616438,0.99972602739726,0.835068493150685,61.9635791780822,78.6117176470588,"ny"
57,85.834625,91.562,81.248,16,2077-08-11,2077-08-26,222,8,16,9,1,0,1,0,0,81.2119999999999,0.924657534246575,0.991232876712329,0.823835616438356,61.9635791780822,78.6117176470588,"ny"
58,84.641,87.4579999999999,81.248,6,2077-08-28,2077-09-02,239,8,6,3,0,0,0,0,0,81.2119999999999,0.899178082191781,0.954794520547945,0.823835616438356,61.9635791780822,78.6117176470588,"ny"
59,83.0389999999999,83.0839999999999,82.994,2,2078-06-22,2078-06-23,172,6,2,0,0,0,0,0,1,81.2119999999999,0.862191780821918,0.863287671232877,0.861643835616438,61.9635791780822,78.6117176470588,"ny"
60,86.2429999999999,87.152,85.3339999999999,2,2078-07-01,2078-07-02,181,7,2,2,0,0,0,0,0,81.2119999999999,0.932876712328767,0.952328767123288,0.916712328767123,61.9635791780822,78.6117176470588,"ny"
61,84.0379999999999,86.3239999999999,81.788,4,2078-07-08,2078-07-11,188,7,4,1,0,0,0,0,0,81.2119999999999,0.884109589041096,0.936164383561644,0.840547945205479,61.9635791780822,78.6117176470588,"ny"
62,83.831,84.722,82.9399999999999,2,2078-07-14,2078-07-15,194,7,2,0,0,0,0,0,0,81.2119999999999,0.879452054794521,0.903561643835616,0.86,61.9635791780822,78.6117176470588,"ny"
63,84.335,86.486,81.77,8,2078-07-18,2078-07-25,198,7,8,4,0,0,0,0,0,81.2119999999999,0.892602739726027,0.938904109589041,0.84027397260274,61.9635791780822,78.6117176470588,"ny"
64,85.04825,91.994,81.446,16,2078-07-27,2078-08-11,207,7,16,6,2,0,1,0,0,81.2119999999999,0.91041095890411,0.992876712328767,0.83013698630137,61.9635791780822,78.6117176470588,"ny"
65,84.3152,85.892,81.446,5,2078-08-13,2078-08-17,224,8,5,2,0,0,0,0,0,81.2119999999999,0.892602739726027,0.926849315068493,0.83013698630137,61.9635791780822,78.6117176470588,"ny"
66,82.1984,84.218,81.2119999999999,5,2078-08-23,2078-08-27,234,8,5,0,0,0,0,0,0,81.2119999999999,0.847123287671233,0.88958904109589,0.823013698630137,61.9635791780822,78.6117176470588,"ny"
67,83.753,87.998,81.662,6,2078-08-30,2078-09-04,241,8,6,1,0,0,0,0,0,81.2119999999999,0.878082191780822,0.962191780821918,0.837260273972603,61.9635791780822,78.6117176470588,"ny"
68,83.102,85.0280000000001,81.446,5,2079-05-29,2079-06-02,148,5,5,1,0,0,0,0,1,81.2119999999999,0.863287671232877,0.90986301369863,0.83013698630137,61.9635791780822,78.6117176470588,"ny"
69,83.1559999999999,84.3619999999999,81.7339999999999,3,2079-06-07,2079-06-09,157,6,3,0,0,0,0,0,0,81.2119999999999,0.864931506849315,0.893698630136986,0.838904109589041,61.9635791780822,78.6117176470588,"ny"
70,83.294,84.974,81.4280000000001,3,2079-06-25,2079-06-27,175,6,3,0,0,0,0,0,0,81.2119999999999,0.867945205479452,0.908767123287671,0.829315068493151,61.9635791780822,78.6117176470588,"ny"
71,82.85,83.498,82.2020000000001,2,2079-06-30,2079-07-01,180,6,2,0,0,0,0,0,0,81.2119999999999,0.857260273972603,0.871780821917808,0.847945205479452,61.9635791780822,78.6117176470588,"ny"
72,88.5003255813953,94.442,81.5539999999999,43,2079-07-03,2079-08-14,183,7,43,36,16,0,9,4,0,81.2119999999999,0.967671232876712,0.999178082191781,0.833150684931507,61.9635791780822,78.6117176470588,"ny"
73,82.742,83.6780000000001,81.806,2,2079-08-17,2079-08-18,228,8,2,0,0,0,0,0,0,81.2119999999999,0.855342465753425,0.876438356164384,0.841095890410959,61.9635791780822,78.6117176470588,"ny"
74,83.5969999999999,83.7319999999999,83.4619999999999,2,2079-08-20,2079-08-21,231,8,2,0,0,0,0,0,0,81.2119999999999,0.874794520547945,0.878082191780822,0.870958904109589,61.9635791780822,78.6117176470588,"ny"
75,84.488,87.044,81.986,3,2079-08-23,2079-08-25,234,8,3,1,0,0,0,0,0,81.2119999999999,0.896164383561644,0.949041095890411,0.843835616438356,61.9635791780822,78.6117176470588,"ny"
1,82.742,83.714,81.77,2,2070-06-05,2070-06-06,155,6,2,0,0,0,0,0,1,81.2119999999999,0.855342465753425,0.876986301369863,0.84027397260274,61.9635791780822,78.6117176470588,"nwk"
2,85.4908571428571,88.556,81.3560000000001,7,2070-06-14,2070-06-20,164,6,7,4,0,0,0,0,0,81.2119999999999,0.91972602739726,0.968219178082192,0.826849315068493,61.9635791780822,78.6117176470588,"nwk"
3,82.712,83.66,81.4819999999999,3,2070-06-29,2070-07-01,179,6,3,0,0,0,0,0,0,81.2119999999999,0.854794520547945,0.876164383561644,0.831232876712329,61.9635791780822,78.6117176470588,"nwk"
4,83.735,85.838,81.2839999999999,6,2070-07-03,2070-07-08,183,7,6,2,0,0,0,0,0,81.2119999999999,0.878082191780822,0.924931506849315,0.826027397260274,61.9635791780822,78.6117176470588,"nwk"
5,83.264,84.4339999999999,82.094,2,2070-07-10,2070-07-11,190,7,2,0,0,0,0,0,0,81.2119999999999,0.867397260273973,0.895342465753425,0.844931506849315,61.9635791780822,78.6117176470588,"nwk"
6,85.9926875,90.302,81.2839999999999,32,2070-07-13,2070-08-13,193,7,32,22,1,0,0,0,0,81.2119999999999,0.928767123287671,0.984109589041096,0.826027397260274,61.9635791780822,78.6117176470588,"nwk"
7,83.8976,85.1539999999999,83.0839999999999,5,2070-08-21,2070-08-25,232,8,5,1,0,0,0,0,0,81.2119999999999,0.880821917808219,0.912328767123288,0.863287671232877,61.9635791780822,78.6117176470588,"nwk"
8,82.166,82.76,81.2659999999999,3,2070-09-01,2070-09-03,243,9,3,0,0,0,0,0,0,81.2119999999999,0.846575342465753,0.856164383561644,0.824931506849315,61.9635791780822,78.6117176470588,"nwk"
9,82.0399999999999,82.742,81.5539999999999,3,2070-09-14,2070-09-16,256,9,3,0,0,0,0,0,0,81.2119999999999,0.844657534246575,0.855342465753425,0.833150684931507,61.9635791780822,78.6117176470588,"nwk"
10,85.038,87.638,82.544,9,2071-06-17,2071-06-25,167,6,9,4,0,0,0,0,1,81.2119999999999,0.90986301369863,0.956986301369863,0.852876712328767,61.9635791780822,78.6117176470588,"nwk"
11,86.558,90.914,82.994,3,2071-06-27,2071-06-29,177,6,3,2,1,0,0,0,0,81.2119999999999,0.940547945205479,0.987397260273973,0.861643835616438,61.9635791780822,78.6117176470588,"nwk"
12,85.4790588235294,89.7980000000001,81.4280000000001,17,2071-07-10,2071-07-26,190,7,17,9,0,0,0,0,0,81.2119999999999,0.91972602739726,0.978082191780822,0.829315068493151,61.9635791780822,78.6117176470588,"nwk"
13,88.802375,92.1739999999999,84.686,16,2071-07-29,2071-08-13,209,7,16,15,5,0,2,0,0,81.2119999999999,0.970958904109589,0.994794520547945,0.901369863013699,61.9635791780822,78.6117176470588,"nwk"
14,86.0405,88.52,84.038,8,2071-08-21,2071-08-28,232,8,8,5,0,0,0,0,0,81.2119999999999,0.929041095890411,0.967945205479452,0.885205479452055,61.9635791780822,78.6117176470588,"nwk"
15,83.309,83.948,82.67,2,2072-06-23,2072-06-24,174,6,2,0,0,0,0,0,1,81.2119999999999,0.867945205479452,0.882739726027397,0.854520547945205,61.9635791780822,78.6117176470588,"nwk"
16,81.926,82.238,81.4280000000001,3,2072-06-27,2072-06-29,178,6,3,0,0,0,0,0,0,81.2119999999999,0.842739726027397,0.848767123287671,0.829315068493151,61.9635791780822,78.6117176470588,"nwk"
17,83.9795,85.946,81.5539999999999,4,2072-07-01,2072-07-04,182,7,4,1,0,0,0,0,0,81.2119999999999,0.883013698630137,0.928767123287671,0.833150684931507,61.9635791780822,78.6117176470588,"nwk"
18,84.749,89.006,81.4819999999999,14,2072-07-14,2072-07-27,195,7,14,6,0,0,0,0,0,81.2119999999999,0.903835616438356,0.973698630136986,0.831232876712329,61.9635791780822,78.6117176470588,"nwk"
19,84.212,85.3700000000001,82.022,3,2072-07-31,2072-08-02,212,7,3,2,0,0,0,0,0,81.2119999999999,0.889041095890411,0.918630136986301,0.844383561643836,61.9635791780822,78.6117176470588,"nwk"
20,88.5812,91.1839999999999,85.3339999999999,5,2072-08-04,2072-08-08,216,8,5,5,2,0,0,0,0,81.2119999999999,0.968219178082192,0.988219178082192,0.916712328767123,61.9635791780822,78.6117176470588,"nwk"
21,84.74225,89.9239999999999,81.4280000000001,8,2072-08-10,2072-08-17,222,8,8,3,0,0,0,0,0,81.2119999999999,0.903835616438356,0.97972602739726,0.829315068493151,61.9635791780822,78.6117176470588,"nwk"
22,84.533,86.8819999999999,82.1839999999999,8,2072-08-25,2072-09-01,237,8,8,3,0,0,0,0,0,81.2119999999999,0.897260273972603,0.944383561643836,0.847123287671233,61.9635791780822,78.6117176470588,"nwk"
23,85.66925,87.008,83.354,8,2073-06-08,2073-06-15,158,6,8,7,0,0,0,0,1,81.2119999999999,0.921917808219178,0.948767123287671,0.869041095890411,61.9635791780822,78.6117176470588,"nwk"
24,83.0479999999999,84.6679999999999,81.86,5,2073-06-26,2073-06-30,176,6,5,0,0,0,0,0,0,81.2119999999999,0.862191780821918,0.900821917808219,0.842465753424658,61.9635791780822,78.6117176470588,"nwk"
25,87.5365454545454,91.9579999999999,83.354,11,2073-07-03,2073-07-13,183,7,11,9,2,0,1,0,0,81.2119999999999,0.955890410958904,0.992602739726027,0.869041095890411,61.9635791780822,78.6117176470588,"nwk"
26,86.6048,92.642,81.2839999999999,20,2073-07-16,2073-08-04,196,7,20,12,6,0,2,1,0,81.2119999999999,0.941369863013699,0.996438356164384,0.826027397260274,61.9635791780822,78.6117176470588,"nwk"
27,85.496,88.988,82.3819999999999,9,2073-08-08,2073-08-16,219,8,9,5,0,0,0,0,0,81.2119999999999,0.92,0.973424657534247,0.85013698630137,61.9635791780822,78.6117176470588,"nwk"
28,83.0255,84.254,81.4819999999999,4,2073-09-02,2073-09-05,244,9,4,0,0,0,0,0,0,81.2119999999999,0.861643835616438,0.890958904109589,0.831232876712329,61.9635791780822,78.6117176470588,"nwk"
29,81.9275,82.868,81.5539999999999,4,2073-09-08,2073-09-11,250,9,4,0,0,0,0,0,0,81.2119999999999,0.842739726027397,0.857534246575342,0.833150684931507,61.9635791780822,78.6117176470588,"nwk"
30,83.882,84.6499999999999,83.0480000000001,3,2074-06-22,2074-06-24,172,6,3,0,0,0,0,0,1,81.2119999999999,0.88,0.89972602739726,0.862465753424658,61.9635791780822,78.6117176470588,"nwk"
31,87.7658,91.76,82.3999999999999,10,2074-06-27,2074-07-06,177,6,10,7,3,0,2,0,0,81.2119999999999,0.958082191780822,0.991780821917808,0.850684931506849,61.9635791780822,78.6117176470588,"nwk"
32,82.967,84.128,81.806,2,2074-07-15,2074-07-16,195,7,2,0,0,0,0,0,0,81.2119999999999,0.86027397260274,0.888767123287671,0.841095890410959,61.9635791780822,78.6117176470588,"nwk"
33,88.421,92.4260000000001,83.966,18,2074-07-18,2074-08-04,198,7,18,16,5,0,2,1,0,81.2119999999999,0.967397260273973,0.995890410958904,0.883013698630137,61.9635791780822,78.6117176470588,"nwk"
34,87.9836,94.7119999999999,82.4179999999999,20,2074-08-07,2074-08-26,218,8,20,16,5,0,4,3,0,81.2119999999999,0.961643835616438,0.999452054794521,0.850958904109589,61.9635791780822,78.6117176470588,"nwk"
35,84.29,87.314,82.3819999999999,4,2074-08-31,2074-09-03,242,8,4,1,0,0,0,0,0,81.2119999999999,0.891780821917808,0.953972602739726,0.85013698630137,61.9635791780822,78.6117176470588,"nwk"
36,85.8704,90.248,81.95,10,2074-09-06,2074-09-15,248,9,10,6,1,0,0,0,0,81.2119999999999,0.925205479452055,0.983835616438356,0.843287671232877,61.9635791780822,78.6117176470588,"nwk"
37,81.788,82.0399999999999,81.536,2,2074-09-27,2074-09-28,269,9,2,0,0,0,0,0,0,81.2119999999999,0.840547945205479,0.844657534246575,0.831506849315068,61.9635791780822,78.6117176470588,"nwk"
38,82.6295,83.8940000000001,81.59,4,2075-06-03,2075-06-06,153,6,4,0,0,0,0,0,1,81.2119999999999,0.853150684931507,0.880821917808219,0.834246575342466,61.9635791780822,78.6117176470588,"nwk"
39,84.749,85.946,83.552,2,2075-06-14,2075-06-15,164,6,2,1,0,0,0,0,0,81.2119999999999,0.903835616438356,0.928767123287671,0.873972602739726,61.9635791780822,78.6117176470588,"nwk"
40,84.8048,87.908,81.3560000000001,10,2075-06-18,2075-06-27,168,6,10,3,0,0,0,0,0,81.2119999999999,0.904657534246575,0.960547945205479,0.826849315068493,61.9635791780822,78.6117176470588,"nwk"
41,86.4194915254237,95.8459999999999,81.5539999999999,59,2075-07-04,2075-08-31,184,7,59,38,6,1,5,5,0,81.2119999999999,0.937260273972603,1,0.833150684931507,61.9635791780822,78.6117176470588,"nwk"
42,83.8849999999999,85.658,82.1119999999999,2,2075-09-03,2075-09-04,245,9,2,1,0,0,0,0,0,81.2119999999999,0.88,0.921917808219178,0.845479452054794,61.9635791780822,78.6117176470588,"nwk"
43,83.756,85.55,81.662,3,2075-09-06,2075-09-08,248,9,3,1,0,0,0,0,0,81.2119999999999,0.878082191780822,0.92027397260274,0.837260273972603,61.9635791780822,78.6117176470588,"nwk"
44,84.2411428571428,86.738,82.652,7,2075-09-13,2075-09-19,255,9,7,2,0,0,0,0,0,81.2119999999999,0.88986301369863,0.942465753424658,0.853698630136986,61.9635791780822,78.6117176470588,"nwk"
45,84.083,85.136,83.03,2,2076-05-24,2076-05-25,144,5,2,1,0,0,0,0,1,81.2119999999999,0.886849315068493,0.912054794520548,0.862191780821918,61.9635791780822,78.6117176470588,"nwk"
46,83.8175,85.0280000000001,82.166,8,2076-06-15,2076-06-22,166,6,8,1,0,0,0,0,0,81.2119999999999,0.879452054794521,0.90986301369863,0.846575342465753,61.9635791780822,78.6117176470588,"nwk"
47,87.48125,92.66,81.338,24,2076-06-27,2076-07-20,178,6,24,18,8,0,4,2,0,81.2119999999999,0.955068493150685,0.996712328767123,0.826301369863014,61.9635791780822,78.6117176470588,"nwk"
48,84.299,85.064,83.5339999999999,2,2076-07-25,2076-07-26,206,7,2,1,0,0,0,0,0,81.2119999999999,0.891780821917808,0.910958904109589,0.873150684931507,61.9635791780822,78.6117176470588,"nwk"
49,85.274,88.844,81.2839999999999,6,2076-07-30,2076-08-04,211,7,6,3,0,0,0,0,0,81.2119999999999,0.914246575342466,0.972054794520548,0.826027397260274,61.9635791780822,78.6117176470588,"nwk"
50,86.1224,92.3360000000001,81.2659999999999,10,2076-08-06,2076-08-15,218,8,10,6,3,0,1,1,0,81.2119999999999,0.93013698630137,0.995616438356164,0.824931506849315,61.9635791780822,78.6117176470588,"nwk"
51,87.017,91.2020000000001,82.1839999999999,4,2076-08-17,2076-08-20,229,8,4,2,1,0,0,0,0,81.2119999999999,0.948767123287671,0.988493150684931,0.847123287671233,61.9635791780822,78.6117176470588,"nwk"
52,84.686,86.8999999999999,81.8419999999999,4,2076-08-26,2076-08-29,238,8,4,2,0,0,0,0,0,81.2119999999999,0.900821917808219,0.945479452054795,0.842191780821918,61.9635791780822,78.6117176470588,"nwk"
53,83.4602,87.08,81.7339999999999,10,2076-09-06,2076-09-15,249,9,10,1,0,0,0,0,0,81.2119999999999,0.87013698630137,0.95013698630137,0.838904109589041,61.9635791780822,78.6117176470588,"nwk"
54,85.2439999999999,87.566,82.652,4,2077-06-29,2077-07-02,179,6,4,2,0,0,0,0,1,81.2119999999999,0.913698630136986,0.956712328767123,0.853698630136986,61.9635791780822,78.6117176470588,"nwk"
55,85.577,86.252,83.786,4,2077-07-09,2077-07-12,189,7,4,3,0,0,0,0,0,81.2119999999999,0.920821917808219,0.933972602739726,0.879178082191781,61.9635791780822,78.6117176470588,"nwk"
56,86.65304,95.414,81.608,25,2077-07-15,2077-08-08,195,7,25,15,5,1,3,2,0,81.2119999999999,0.941643835616438,0.99972602739726,0.835068493150685,61.9635791780822,78.6117176470588,"nwk"
57,85.834625,91.562,81.248,16,2077-08-11,2077-08-26,222,8,16,9,1,0,1,0,0,81.2119999999999,0.924657534246575,0.991232876712329,0.823835616438356,61.9635791780822,78.6117176470588,"nwk"
58,84.641,87.4579999999999,81.248,6,2077-08-28,2077-09-02,239,8,6,3,0,0,0,0,0,81.2119999999999,0.899178082191781,0.954794520547945,0.823835616438356,61.9635791780822,78.6117176470588,"nwk"
59,83.0389999999999,83.0839999999999,82.994,2,2078-06-22,2078-06-23,172,6,2,0,0,0,0,0,1,81.2119999999999,0.862191780821918,0.863287671232877,0.861643835616438,61.9635791780822,78.6117176470588,"nwk"
60,86.2429999999999,87.152,85.3339999999999,2,2078-07-01,2078-07-02,181,7,2,2,0,0,0,0,0,81.2119999999999,0.932876712328767,0.952328767123288,0.916712328767123,61.9635791780822,78.6117176470588,"nwk"
61,84.0379999999999,86.3239999999999,81.788,4,2078-07-08,2078-07-11,188,7,4,1,0,0,0,0,0,81.2119999999999,0.884109589041096,0.936164383561644,0.840547945205479,61.9635791780822,78.6117176470588,"nwk"
62,83.831,84.722,82.9399999999999,2,2078-07-14,2078-07-15,194,7,2,0,0,0,0,0,0,81.2119999999999,0.879452054794521,0.903561643835616,0.86,61.9635791780822,78.6117176470588,"nwk"
63,84.335,86.486,81.77,8,2078-07-18,2078-07-25,198,7,8,4,0,0,0,0,0,81.2119999999999,0.892602739726027,0.938904109589041,0.84027397260274,61.9635791780822,78.6117176470588,"nwk"
64,85.04825,91.994,81.446,16,2078-07-27,2078-08-11,207,7,16,6,2,0,1,0,0,81.2119999999999,0.91041095890411,0.992876712328767,0.83013698630137,61.9635791780822,78.6117176470588,"nwk"
65,84.3152,85.892,81.446,5,2078-08-13,2078-08-17,224,8,5,2,0,0,0,0,0,81.2119999999999,0.892602739726027,0.926849315068493,0.83013698630137,61.9635791780822,78.6117176470588,"nwk"
66,82.1984,84.218,81.2119999999999,5,2078-08-23,2078-08-27,234,8,5,0,0,0,0,0,0,81.2119999999999,0.847123287671233,0.88958904109589,0.823013698630137,61.9635791780822,78.6117176470588,"nwk"
67,83.753,87.998,81.662,6,2078-08-30,2078-09-04,241,8,6,1,0,0,0,0,0,81.2119999999999,0.878082191780822,0.962191780821918,0.837260273972603,61.9635791780822,78.6117176470588,"nwk"
68,83.102,85.0280000000001,81.446,5,2079-05-29,2079-06-02,148,5,5,1,0,0,0,0,1,81.2119999999999,0.863287671232877,0.90986301369863,0.83013698630137,61.9635791780822,78.6117176470588,"nwk"
69,83.1559999999999,84.3619999999999,81.7339999999999,3,2079-06-07,2079-06-09,157,6,3,0,0,0,0,0,0,81.2119999999999,0.864931506849315,0.893698630136986,0.838904109589041,61.9635791780822,78.6117176470588,"nwk"
70,83.294,84.974,81.4280000000001,3,2079-06-25,2079-06-27,175,6,3,0,0,0,0,0,0,81.2119999999999,0.867945205479452,0.908767123287671,0.829315068493151,61.9635791780822,78.6117176470588,"nwk"
71,82.85,83.498,82.2020000000001,2,2079-06-30,2079-07-01,180,6,2,0,0,0,0,0,0,81.2119999999999,0.857260273972603,0.871780821917808,0.847945205479452,61.9635791780822,78.6117176470588,"nwk"
72,88.5003255813953,94.442,81.5539999999999,43,2079-07-03,2079-08-14,183,7,43,36,16,0,9,4,0,81.2119999999999,0.967671232876712,0.999178082191781,0.833150684931507,61.9635791780822,78.6117176470588,"nwk"
73,82.742,83.6780000000001,81.806,2,2079-08-17,2079-08-18,228,8,2,0,0,0,0,0,0,81.2119999999999,0.855342465753425,0.876438356164384,0.841095890410959,61.9635791780822,78.6117176470588,"nwk"
74,83.5969999999999,83.7319999999999,83.4619999999999,2,2079-08-20,2079-08-21,231,8,2,0,0,0,0,0,0,81.2119999999999,0.874794520547945,0.878082191780822,0.870958904109589,61.9635791780822,78.6117176470588,"nwk"
75,84.488,87.044,81.986,3,2079-08-23,2079-08-25,234,8,3,1,0,0,0,0,0,81.2119999999999,0.896164383561644,0.949041095890411,0.843835616438356,61.9635791780822,78.6117176470588,"nwk"
1,85.1828,86.7020000000001,83.966,5,2070-06-15,2070-06-19,165,6,5,2,0,0,0,0,1,81.44672,0.912054794520548,0.945753424657534,0.88986301369863,62.2294515068493,78.8338117647059,"phil"
2,83.084,83.8940000000001,82.67,3,2070-06-29,2070-07-01,179,6,3,0,0,0,0,0,0,81.44672,0.864383561643836,0.887671232876712,0.852602739726027,62.2294515068493,78.8338117647059,"phil"
3,84.101,86.0719999999999,81.536,6,2070-07-03,2070-07-08,183,7,6,2,0,0,0,0,0,81.44672,0.893424657534247,0.933150684931507,0.824657534246575,62.2294515068493,78.8338117647059,"phil"
4,82.778,83.498,82.0579999999999,2,2070-07-10,2070-07-11,190,7,2,0,0,0,0,0,0,81.44672,0.855616438356164,0.876438356164384,0.837260273972603,62.2294515068493,78.8338117647059,"phil"
5,85.65575,89.6899999999999,81.716,32,2070-07-13,2070-08-13,193,7,32,19,0,0,0,0,0,81.44672,0.923287671232877,0.981369863013699,0.828493150684931,62.2294515068493,78.8338117647059,"phil"
6,84.983,87.296,82.67,2,2070-08-15,2070-08-16,226,8,2,1,0,0,0,0,0,81.44672,0.907397260273973,0.954520547945205,0.852602739726027,62.2294515068493,78.8338117647059,"phil"
7,83.7247999999999,84.614,83.1739999999999,5,2070-08-21,2070-08-25,232,8,5,0,0,0,0,0,0,81.44672,0.882739726027397,0.902191780821918,0.866575342465753,62.2294515068493,78.8338117647059,"phil"
8,82.6969999999999,83.012,82.3819999999999,2,2070-08-29,2070-08-30,240,8,2,0,0,0,0,0,0,81.44672,0.853150684931507,0.861643835616438,0.844383561643836,62.2294515068493,78.8338117647059,"phil"
9,82.376,82.85,82.1119999999999,3,2070-09-01,2070-09-03,243,9,3,0,0,0,0,0,0,81.44672,0.843561643835616,0.857534246575342,0.838904109589041,62.2294515068493,78.8338117647059,"phil"
10,82.5439999999999,82.706,82.3819999999999,2,2070-09-14,2070-09-15,256,9,2,0,0,0,0,0,0,81.44672,0.848767123287671,0.853972602739726,0.844383561643836,62.2294515068493,78.8338117647059,"phil"
11,84.0314545454545,86.468,81.914,11,2071-06-15,2071-06-25,165,6,11,4,0,0,0,0,1,81.44672,0.891506849315069,0.942465753424658,0.835068493150685,62.2294515068493,78.8338117647059,"phil"
12,87.434,90.5539999999999,84.794,3,2071-06-27,2071-06-29,177,6,3,2,1,0,0,0,0,81.44672,0.957534246575342,0.987397260273973,0.905205479452055,62.2294515068493,78.8338117647059,"phil"
13,83.912,85.55,82.2739999999999,2,2071-07-01,2071-07-02,181,7,2,1,0,0,0,0,0,81.44672,0.887945205479452,0.91972602739726,0.841369863013699,62.2294515068493,78.8338117647059,"phil"
14,84.212,85.4239999999999,83.444,3,2071-07-10,2071-07-12,190,7,3,1,0,0,0,0,0,81.44672,0.895616438356164,0.916164383561644,0.875890410958904,62.2294515068493,78.8338117647059,"phil"
15,85.8324615384615,91.85,81.788,13,2071-07-14,2071-07-26,194,7,13,8,1,0,1,0,0,81.44672,0.927397260273973,0.994246575342466,0.82986301369863,62.2294515068493,78.8338117647059,"phil"
16,88.210625,92.624,83.0839999999999,16,2071-07-29,2071-08-13,209,7,16,15,4,0,1,1,0,81.44672,0.967945205479452,0.997260273972603,0.864383561643836,62.2294515068493,78.8338117647059,"phil"
17,85.84475,87.656,84.002,8,2071-08-21,2071-08-28,232,8,8,6,0,0,0,0,0,81.44672,0.927671232876712,0.961095890410959,0.891232876712329,62.2294515068493,78.8338117647059,"phil"
18,82.553,82.76,82.3459999999999,2,2072-05-26,2072-05-27,146,5,2,0,0,0,0,0,1,81.44672,0.849041095890411,0.855616438356164,0.843013698630137,62.2294515068493,78.8338117647059,"phil"
19,82.148,82.364,81.932,2,2072-06-22,2072-06-23,173,6,2,0,0,0,0,0,0,81.44672,0.839178082191781,0.843561643835616,0.835342465753425,62.2294515068493,78.8338117647059,"phil"
20,81.758,81.878,81.6440000000001,3,2072-06-26,2072-06-28,177,6,3,0,0,0,0,0,0,81.44672,0.829041095890411,0.834246575342466,0.827671232876712,62.2294515068493,78.8338117647059,"phil"
21,84.4639999999999,86.216,83.192,3,2072-07-02,2072-07-04,183,7,3,1,0,0,0,0,0,81.44672,0.89972602739726,0.937260273972603,0.868219178082192,62.2294515068493,78.8338117647059,"phil"
22,84.176375,88.52,81.464,16,2072-07-13,2072-07-28,194,7,16,5,0,0,0,0,0,81.44672,0.894246575342466,0.972328767123288,0.823013698630137,62.2294515068493,78.8338117647059,"phil"
23,84.764,87.152,82.67,3,2072-07-31,2072-08-02,212,7,3,1,0,0,0,0,0,81.44672,0.904383561643836,0.952054794520548,0.852602739726027,62.2294515068493,78.8338117647059,"phil"
24,87.758,91.8319999999999,81.878,6,2072-08-04,2072-08-09,216,8,6,5,1,0,1,0,0,81.44672,0.961917808219178,0.993698630136986,0.834246575342466,62.2294515068493,78.8338117647059,"phil"
25,85.457,89.888,82.0760000000001,6,2072-08-11,2072-08-16,223,8,6,4,0,0,0,0,0,81.44672,0.916986301369863,0.982739726027397,0.837534246575342,62.2294515068493,78.8338117647059,"phil"
26,84.13475,86.414,82.454,8,2072-08-25,2072-09-01,237,8,8,3,0,0,0,0,0,81.44672,0.893698630136986,0.941369863013699,0.845753424657534,62.2294515068493,78.8338117647059,"phil"
27,84.792,86.8999999999999,81.6440000000001,9,2073-06-08,2073-06-16,158,6,9,5,0,0,0,0,1,81.44672,0.904383561643836,0.948767123287671,0.827671232876712,62.2294515068493,78.8338117647059,"phil"
28,82.3685,83.0480000000001,81.536,4,2073-06-28,2073-07-01,178,6,4,0,0,0,0,0,0,81.44672,0.843561643835616,0.863013698630137,0.824657534246575,62.2294515068493,78.8338117647059,"phil"
29,87.4105454545454,91.3819999999999,84.02,11,2073-07-03,2073-07-13,183,7,11,10,1,0,1,0,0,81.44672,0.956986301369863,0.992602739726027,0.891506849315069,62.2294515068493,78.8338117647059,"phil"
30,89.21525,92.228,84.3260000000001,8,2073-07-17,2073-07-24,197,7,8,7,4,0,2,1,0,81.44672,0.978356164383562,0.995342465753425,0.898082191780822,62.2294515068493,78.8338117647059,"phil"
31,85.396,88.2319999999999,82.76,9,2073-07-27,2073-08-04,207,7,9,4,0,0,0,0,0,81.44672,0.915890410958904,0.968219178082192,0.855616438356164,62.2294515068493,78.8338117647059,"phil"
32,84.6794545454546,87.512,82.292,11,2073-08-06,2073-08-16,217,8,11,5,0,0,0,0,0,81.44672,0.903561643835616,0.958904109589041,0.842191780821918,62.2294515068493,78.8338117647059,"phil"
33,82.802,83.3899999999999,81.878,3,2073-09-03,2073-09-05,245,9,3,0,0,0,0,0,0,81.44672,0.856712328767123,0.874794520547945,0.834246575342466,62.2294515068493,78.8338117647059,"phil"
34,82.526,83.3,81.788,3,2073-09-07,2073-09-09,249,9,3,0,0,0,0,0,0,81.44672,0.847945205479452,0.870958904109589,0.82986301369863,62.2294515068493,78.8338117647059,"phil"
35,82.892,83.2459999999999,82.598,3,2074-06-22,2074-06-24,172,6,3,0,0,0,0,0,1,81.44672,0.859178082191781,0.869315068493151,0.84958904109589,62.2294515068493,78.8338117647059,"phil"
36,87.1286,90.4280000000001,81.464,10,2074-06-27,2074-07-06,177,6,10,7,1,0,0,0,0,81.44672,0.950958904109589,0.986027397260274,0.823013698630137,62.2294515068493,78.8338117647059,"phil"
37,86.2288571428571,91.256,81.8239999999999,21,2074-07-15,2074-08-04,195,7,21,16,1,0,1,0,0,81.44672,0.937260273972603,0.992054794520548,0.831232876712329,62.2294515068493,78.8338117647059,"phil"
38,86.8648181818182,92.768,81.4999999999999,22,2074-08-06,2074-08-27,217,8,22,17,4,0,3,2,0,81.44672,0.947671232876712,0.997808219178082,0.823561643835616,62.2294515068493,78.8338117647059,"phil"
39,83.444,85.442,81.4819999999999,4,2074-08-31,2074-09-03,242,8,4,1,0,0,0,0,0,81.44672,0.875616438356164,0.916986301369863,0.823287671232877,62.2294515068493,78.8338117647059,"phil"
40,85.732,88.556,82.886,9,2074-09-07,2074-09-15,249,9,9,6,0,0,0,0,0,81.44672,0.925753424657534,0.972602739726027,0.859178082191781,62.2294515068493,78.8338117647059,"phil"
41,81.905,82.2200000000001,81.59,2,2074-09-27,2074-09-28,269,9,2,0,0,0,0,0,0,81.44672,0.834520547945205,0.840547945205479,0.826301369863014,62.2294515068493,78.8338117647059,"phil"
42,83.435,84.398,82.472,2,2075-06-04,2075-06-05,154,6,2,0,0,0,0,0,1,81.44672,0.875616438356164,0.899452054794521,0.846301369863014,62.2294515068493,78.8338117647059,"phil"
43,84.542,85.352,83.7319999999999,2,2075-06-14,2075-06-15,164,6,2,1,0,0,0,0,0,81.44672,0.901095890410959,0.915890410958904,0.884109589041096,62.2294515068493,78.8338117647059,"phil"
44,84.3728,87.386,81.8239999999999,10,2075-06-18,2075-06-27,168,6,10,2,0,0,0,0,0,81.44672,0.898630136986301,0.956712328767123,0.831232876712329,62.2294515068493,78.8338117647059,"phil"
45,85.5104,91.0579999999999,81.878,30,2075-07-04,2075-08-02,184,7,30,19,1,0,1,0,0,81.44672,0.917534246575342,0.991232876712329,0.834246575342466,62.2294515068493,78.8338117647059,"phil"
46,87.3525714285714,96.206,82.238,28,2075-08-04,2075-08-31,215,8,28,20,5,1,4,3,0,81.44672,0.955616438356164,1,0.841095890410959,62.2294515068493,78.8338117647059,"phil"
47,86.279,86.45,86.108,2,2075-09-03,2075-09-04,245,9,2,2,0,0,0,0,0,81.44672,0.937808219178082,0.941917808219178,0.934520547945205,62.2294515068493,78.8338117647059,"phil"
48,81.9949999999999,82.166,81.8239999999999,2,2075-09-06,2075-09-07,248,9,2,0,0,0,0,0,0,81.44672,0.835616438356164,0.84,0.831232876712329,62.2294515068493,78.8338117647059,"phil"
49,84.4142,87.3319999999999,83.066,10,2075-09-10,2075-09-19,252,9,10,2,0,0,0,0,0,81.44672,0.899452054794521,0.955342465753425,0.863835616438356,62.2294515068493,78.8338117647059,"phil"
50,82.9219999999999,84.3799999999999,81.752,3,2076-05-23,2076-05-25,143,5,3,0,0,0,0,0,1,81.44672,0.859452054794521,0.899178082191781,0.829041095890411,62.2294515068493,78.8338117647059,"phil"
51,83.91875,85.622,82.724,8,2076-06-15,2076-06-22,166,6,8,1,0,0,0,0,0,81.44672,0.887945205479452,0.923013698630137,0.854520547945205,62.2294515068493,78.8338117647059,"phil"
52,87.458,92.0480000000001,82.004,24,2076-06-27,2076-07-20,178,6,24,18,7,0,4,0,0,81.44672,0.958082191780822,0.994794520547945,0.835890410958904,62.2294515068493,78.8338117647059,"phil"
53,83.723,85.28,82.166,2,2076-07-25,2076-07-26,206,7,2,1,0,0,0,0,0,81.44672,0.882739726027397,0.914520547945205,0.84,62.2294515068493,78.8338117647059,"phil"
54,85.0309999999999,87.98,82.0579999999999,6,2076-07-30,2076-08-04,211,7,6,3,0,0,0,0,0,81.44672,0.909315068493151,0.965479452054795,0.837260273972603,62.2294515068493,78.8338117647059,"phil"
55,87.108,92.6060000000001,81.8239999999999,9,2076-08-06,2076-08-14,218,8,9,7,1,0,1,1,0,81.44672,0.950958904109589,0.996986301369863,0.831232876712329,62.2294515068493,78.8338117647059,"phil"
56,87.5012,92.4619999999999,82.49,5,2076-08-16,2076-08-20,228,8,5,3,1,0,1,1,0,81.44672,0.958356164383562,0.996164383561644,0.847671232876712,62.2294515068493,78.8338117647059,"phil"
57,85.658,88.898,82.994,4,2076-08-26,2076-08-29,238,8,4,2,0,0,0,0,0,81.44672,0.923835616438356,0.976164383561644,0.861095890410959,62.2294515068493,78.8338117647059,"phil"
58,83.15375,85.01,81.5539999999999,8,2076-09-05,2076-09-12,248,9,8,1,0,0,0,0,0,81.44672,0.866027397260274,0.908493150684932,0.824931506849315,62.2294515068493,78.8338117647059,"phil"
59,81.716,81.86,81.5719999999999,2,2076-09-14,2076-09-15,257,9,2,0,0,0,0,0,0,81.44672,0.828493150684931,0.832602739726027,0.825479452054795,62.2294515068493,78.8338117647059,"phil"
60,85.136,87.818,82.31,4,2077-06-29,2077-07-02,179,6,4,2,0,0,0,0,1,81.44672,0.911232876712329,0.963561643835616,0.842465753424658,62.2294515068493,78.8338117647059,"phil"
61,86.081,87.314,84.272,4,2077-07-09,2077-07-12,189,7,4,3,0,0,0,0,0,81.44672,0.933150684931507,0.955068493150685,0.896438356164384,62.2294515068493,78.8338117647059,"phil"
62,86.8851304347826,93.056,83.5339999999999,23,2077-07-17,2077-08-08,197,7,23,18,4,0,3,2,0,81.44672,0.948219178082192,0.998904109589041,0.877260273972603,62.2294515068493,78.8338117647059,"phil"
63,85.861625,91.022,82.094,16,2077-08-11,2077-08-26,222,8,16,10,2,0,1,0,0,81.44672,0.928219178082192,0.99041095890411,0.838082191780822,62.2294515068493,78.8338117647059,"phil"
64,84.713,87.422,82.3999999999999,6,2077-08-28,2077-09-02,239,8,6,3,0,0,0,0,0,81.44672,0.904109589041096,0.957534246575342,0.844931506849315,62.2294515068493,78.8338117647059,"phil"
65,81.842,82.2200000000001,81.464,2,2078-06-22,2078-06-23,172,6,2,0,0,0,0,0,1,81.44672,0.831232876712329,0.840547945205479,0.823013698630137,62.2294515068493,78.8338117647059,"phil"
66,85.784,88.898,81.59,3,2078-06-30,2078-07-02,180,6,3,2,0,0,0,0,0,81.44672,0.926575342465753,0.976164383561644,0.826301369863014,62.2294515068493,78.8338117647059,"phil"
67,83.7545,84.794,82.7780000000001,4,2078-07-08,2078-07-11,188,7,4,0,0,0,0,0,0,81.44672,0.884657534246575,0.905205479452055,0.856164383561644,62.2294515068493,78.8338117647059,"phil"
68,83.777,85.5860000000001,81.968,2,2078-07-14,2078-07-15,194,7,2,1,0,0,0,0,0,81.44672,0.885479452054795,0.921643835616438,0.835616438356164,62.2294515068493,78.8338117647059,"phil"
69,84.17,85.244,83.552,3,2078-07-18,2078-07-20,198,7,3,1,0,0,0,0,0,81.44672,0.894246575342466,0.913698630136986,0.877534246575343,62.2294515068493,78.8338117647059,"phil"
70,84.9884,88.43,82.454,5,2078-07-22,2078-07-26,202,7,5,2,0,0,0,0,0,81.44672,0.907397260273973,0.971506849315068,0.845753424657534,62.2294515068493,78.8338117647059,"phil"
71,85.8864615384615,90.302,83.192,13,2078-07-28,2078-08-09,208,7,13,8,1,0,0,0,0,81.44672,0.928767123287671,0.984931506849315,0.868219178082192,62.2294515068493,78.8338117647059,"phil"
72,83.873,85.838,81.59,6,2078-08-13,2078-08-18,224,8,6,2,0,0,0,0,0,81.44672,0.886849315068493,0.927671232876712,0.826301369863014,62.2294515068493,78.8338117647059,"phil"
73,82.292,83.8219999999999,81.464,6,2078-08-23,2078-08-28,234,8,6,0,0,0,0,0,0,81.44672,0.842191780821918,0.886301369863014,0.823013698630137,62.2294515068493,78.8338117647059,"phil"
74,83.618,87.206,81.914,6,2078-08-30,2078-09-04,241,8,6,1,0,0,0,0,0,81.44672,0.878356164383562,0.953424657534247,0.835068493150685,62.2294515068493,78.8338117647059,"phil"
75,82.076,82.292,81.86,2,2078-09-09,2078-09-10,251,9,2,0,0,0,0,0,0,81.44672,0.837260273972603,0.842191780821918,0.832602739726027,62.2294515068493,78.8338117647059,"phil"
76,83.813,85.136,82.706,4,2079-05-30,2079-06-02,149,5,4,1,0,0,0,0,1,81.44672,0.886027397260274,0.912054794520548,0.853972602739726,62.2294515068493,78.8338117647059,"phil"
77,82.664,84.4700000000001,81.662,3,2079-06-07,2079-06-09,157,6,3,0,0,0,0,0,0,81.44672,0.850958904109589,0.90027397260274,0.828219178082192,62.2294515068493,78.8338117647059,"phil"
78,84.74,86.0539999999999,83.4260000000001,2,2079-06-26,2079-06-27,176,6,2,1,0,0,0,0,0,81.44672,0.904383561643836,0.932602739726027,0.875616438356164,62.2294515068493,78.8338117647059,"phil"
79,82.7239999999999,82.9579999999999,82.49,2,2079-06-30,2079-07-01,180,6,2,0,0,0,0,0,0,81.44672,0.853972602739726,0.86027397260274,0.847671232876712,62.2294515068493,78.8338117647059,"phil"
80,88.6924651162791,94.4959999999999,81.6440000000001,43,2079-07-03,2079-08-14,183,7,43,34,20,0,12,8,0,81.44672,0.973150684931507,0.99972602739726,0.827671232876712,62.2294515068493,78.8338117647059,"phil"
81,83.453,85.0280000000001,81.878,2,2079-08-17,2079-08-18,228,8,2,1,0,0,0,0,0,81.44672,0.875890410958904,0.909315068493151,0.834246575342466,62.2294515068493,78.8338117647059,"phil"
82,84.3954285714286,88.358,82.5260000000001,7,2079-08-20,2079-08-26,231,8,7,2,0,0,0,0,0,81.44672,0.899178082191781,0.96986301369863,0.848767123287671,62.2294515068493,78.8338117647059,"phil"
83,82.85,85.4959999999999,81.464,6,2079-08-28,2079-09-02,239,8,6,1,0,0,0,0,0,81.44672,0.857260273972603,0.917534246575342,0.823013698630137,62.2294515068493,78.8338117647059,"phil"
1,84.5857142857143,88.556,81.23,7,2070-06-14,2070-06-20,164,6,7,3,0,0,0,0,1,80.88872,0.926027397260274,0.981917808219178,0.838630136986301,62.6401473972603,77.9981411764706,"prov"
2,81.779,82.094,81.464,2,2070-06-30,2070-07-01,180,6,2,0,0,0,0,0,0,80.88872,0.85041095890411,0.861917808219178,0.844931506849315,62.6401473972603,77.9981411764706,"prov"
3,81.2419999999999,81.59,80.9239999999999,3,2070-07-06,2070-07-08,186,7,3,0,0,0,0,0,0,80.88872,0.838630136986301,0.847123287671233,0.828493150684931,62.6401473972603,77.9981411764706,"prov"
4,84.1652857142857,87.8360000000001,81.68,14,2070-07-10,2070-07-23,190,7,14,4,0,0,0,0,0,80.88872,0.914520547945205,0.976986301369863,0.849315068493151,62.6401473972603,77.9981411764706,"prov"
5,84.9625454545455,87.8,83.318,11,2070-07-25,2070-08-04,205,7,11,4,0,0,0,0,0,80.88872,0.933424657534247,0.976438356164384,0.889315068493151,62.6401473972603,77.9981411764706,"prov"
6,83.84,85.064,81.986,4,2070-08-06,2070-08-09,217,8,4,1,0,0,0,0,0,80.88872,0.904383561643836,0.935342465753425,0.856712328767123,62.6401473972603,77.9981411764706,"prov"
7,85.658,85.658,85.658,2,2070-08-11,2070-08-12,222,8,2,2,0,0,0,0,0,80.88872,0.947123287671233,0.947123287671233,0.947123287671233,62.6401473972603,77.9981411764706,"prov"
8,83.264,85.73,81.23,6,2070-08-20,2070-08-25,231,8,6,2,0,0,0,0,0,80.88872,0.888219178082192,0.948219178082192,0.838630136986301,62.6401473972603,77.9981411764706,"prov"
9,84.0545,88.8619999999999,81.068,12,2071-06-20,2071-07-01,170,6,12,5,0,0,0,0,1,80.88872,0.910684931506849,0.983287671232877,0.832876712328767,62.6401473972603,77.9981411764706,"prov"
10,84.1968235294117,88.0159999999999,81.122,17,2071-07-10,2071-07-26,190,7,17,5,0,0,0,0,0,80.88872,0.914794520547945,0.978082191780822,0.834794520547945,62.6401473972603,77.9981411764706,"prov"
11,88.0138823529412,92.282,81.032,17,2071-07-29,2071-08-14,209,7,17,15,3,0,4,2,0,80.88872,0.977808219178082,0.998356164383562,0.831780821917808,62.6401473972603,77.9981411764706,"prov"
12,81.932,82.598,81.2659999999999,2,2071-08-18,2071-08-19,229,8,2,0,0,0,0,0,0,80.88872,0.854794520547945,0.872602739726027,0.84,62.6401473972603,77.9981411764706,"prov"
13,85.082,88.07,82.868,8,2071-08-21,2071-08-28,232,8,8,4,0,0,0,0,0,80.88872,0.935342465753425,0.978630136986301,0.878082191780822,62.6401473972603,77.9981411764706,"prov"
14,82.247,83.5339999999999,80.96,2,2072-06-23,2072-06-24,174,6,2,0,0,0,0,0,1,80.88872,0.865205479452055,0.895890410958904,0.829315068493151,62.6401473972603,77.9981411764706,"prov"
15,82.244,82.922,81.6440000000001,3,2072-06-27,2072-06-29,178,6,3,0,0,0,0,0,0,80.88872,0.865205479452055,0.87972602739726,0.848219178082192,62.6401473972603,77.9981411764706,"prov"
16,84.26,85.568,83.444,3,2072-07-02,2072-07-04,183,7,3,1,0,0,0,0,0,80.88872,0.916986301369863,0.944383561643836,0.893424657534247,62.6401473972603,77.9981411764706,"prov"
17,82.787,84.56,81.014,2,2072-07-06,2072-07-07,187,7,2,0,0,0,0,0,0,80.88872,0.876986301369863,0.925479452054795,0.831232876712329,62.6401473972603,77.9981411764706,"prov"
18,83.7416923076923,86.1440000000001,81.41,13,2072-07-14,2072-07-26,195,7,13,3,0,0,0,0,0,80.88872,0.901917808219178,0.956438356164384,0.844109589041096,62.6401473972603,77.9981411764706,"prov"
19,83.362,86.108,81.41,9,2072-07-30,2072-08-07,211,7,9,2,0,0,0,0,0,80.88872,0.890684931506849,0.955890410958904,0.844109589041096,62.6401473972603,77.9981411764706,"prov"
20,83.9685714285714,85.892,81.158,7,2072-08-10,2072-08-16,222,8,7,2,0,0,0,0,0,80.88872,0.909041095890411,0.952328767123288,0.835616438356164,62.6401473972603,77.9981411764706,"prov"
21,84.1775,85.532,81.788,8,2072-08-24,2072-08-31,236,8,8,2,0,0,0,0,0,80.88872,0.914520547945205,0.943561643835616,0.850684931506849,62.6401473972603,77.9981411764706,"prov"
22,82.52,84.992,80.942,3,2073-06-08,2073-06-10,158,6,3,0,0,0,0,0,1,80.88872,0.870958904109589,0.934520547945205,0.828767123287671,62.6401473972603,77.9981411764706,"prov"
23,81.923,81.932,81.914,2,2073-06-13,2073-06-14,163,6,2,0,0,0,0,0,0,80.88872,0.854246575342466,0.854794520547945,0.854246575342466,62.6401473972603,77.9981411764706,"prov"
24,83.1631999999999,85.1899999999999,81.032,5,2073-06-26,2073-06-30,176,6,5,2,0,0,0,0,0,80.88872,0.886027397260274,0.938356164383562,0.831780821917808,62.6401473972603,77.9981411764706,"prov"
25,85.0001818181818,90.5539999999999,81.194,11,2073-07-03,2073-07-13,183,7,11,5,1,0,1,0,0,80.88872,0.934520547945205,0.993424657534247,0.837260273972603,62.6401473972603,77.9981411764706,"prov"
26,85.4830625,91.436,80.978,32,2073-07-16,2073-08-16,196,7,32,19,2,0,2,1,0,80.88872,0.941917808219178,0.996164383561644,0.83041095890411,62.6401473972603,77.9981411764706,"prov"
27,82.337,83.0480000000001,81.4999999999999,4,2073-08-18,2073-08-21,229,8,4,0,0,0,0,0,0,80.88872,0.867671232876712,0.883287671232877,0.845753424657534,62.6401473972603,77.9981411764706,"prov"
28,81.1310000000001,81.1760000000001,81.0860000000001,2,2073-08-24,2073-08-25,235,8,2,0,0,0,0,0,0,80.88872,0.834794520547945,0.836712328767123,0.833698630136986,62.6401473972603,77.9981411764706,"prov"
29,83.2235,84.704,81.1760000000001,4,2073-09-02,2073-09-05,244,9,4,0,0,0,0,0,0,80.88872,0.887123287671233,0.928493150684932,0.836712328767123,62.6401473972603,77.9981411764706,"prov"
30,82.9364,84.056,81.068,5,2073-09-07,2073-09-11,249,9,5,0,0,0,0,0,0,80.88872,0.87972602739726,0.910958904109589,0.832876712328767,62.6401473972603,77.9981411764706,"prov"
31,83.102,84.2,81.68,3,2074-06-22,2074-06-24,172,6,3,0,0,0,0,0,1,80.88872,0.884657534246575,0.915068493150685,0.849315068493151,62.6401473972603,77.9981411764706,"prov"
32,84.9674545454545,89.006,81.536,11,2074-06-27,2074-07-07,177,6,11,6,0,0,0,0,0,80.88872,0.933424657534247,0.985205479452055,0.846575342465753,62.6401473972603,77.9981411764706,"prov"
33,81.578,82.472,80.906,3,2074-07-14,2074-07-16,194,7,3,0,0,0,0,0,0,80.88872,0.846849315068493,0.870684931506849,0.827945205479452,62.6401473972603,77.9981411764706,"prov"
34,87.937,93.794,83.4619999999999,18,2074-07-18,2074-08-04,198,7,18,13,4,0,6,3,0,80.88872,0.977260273972603,1,0.893972602739726,62.6401473972603,77.9981411764706,"prov"
35,86.8134285714286,93.02,81.986,21,2074-08-07,2074-08-27,218,8,21,14,5,0,5,3,0,80.88872,0.966027397260274,0.99972602739726,0.856712328767123,62.6401473972603,77.9981411764706,"prov"
36,83.4908,86.7739999999999,81.2659999999999,5,2074-08-30,2074-09-03,241,8,5,1,0,0,0,0,0,80.88872,0.894520547945206,0.966027397260274,0.84,62.6401473972603,77.9981411764706,"prov"
37,85.2836,89.618,82.022,10,2074-09-06,2074-09-15,248,9,10,4,0,0,0,0,0,80.88872,0.93972602739726,0.989315068493151,0.858082191780822,62.6401473972603,77.9981411764706,"prov"
38,82.706,83.642,81.77,2,2075-06-15,2075-06-16,165,6,2,0,0,0,0,0,1,80.88872,0.875616438356164,0.899452054794521,0.85041095890411,62.6401473972603,77.9981411764706,"prov"
39,82.892,84.416,81.338,3,2075-06-18,2075-06-20,168,6,3,0,0,0,0,0,0,80.88872,0.878630136986301,0.920547945205479,0.841643835616438,62.6401473972603,77.9981411764706,"prov"
40,85.043,87.854,82.022,6,2075-06-22,2075-06-27,172,6,6,4,0,0,0,0,0,80.88872,0.934794520547945,0.977260273972603,0.858082191780822,62.6401473972603,77.9981411764706,"prov"
41,83.921,86.252,81.302,6,2075-07-05,2075-07-10,185,7,6,1,0,0,0,0,0,80.88872,0.907397260273973,0.958356164383562,0.840821917808219,62.6401473972603,77.9981411764706,"prov"
42,85.3901176470588,92.012,81.104,51,2075-07-12,2075-08-31,192,7,51,28,3,0,3,1,0,80.88872,0.940821917808219,0.997808219178082,0.833972602739726,62.6401473972603,77.9981411764706,"prov"
43,81.932,82.652,81.2119999999999,2,2075-09-03,2075-09-04,245,9,2,0,0,0,0,0,0,80.88872,0.854794520547945,0.875068493150685,0.838082191780822,62.6401473972603,77.9981411764706,"prov"
44,83.8688,87.8360000000001,81.896,5,2075-09-06,2075-09-10,248,9,5,1,0,0,0,0,0,80.88872,0.904931506849315,0.976986301369863,0.853150684931507,62.6401473972603,77.9981411764706,"prov"
45,82.7625714285714,84.578,81.248,7,2075-09-13,2075-09-19,255,9,7,0,0,0,0,0,0,80.88872,0.875890410958904,0.926027397260274,0.839178082191781,62.6401473972603,77.9981411764706,"prov"
46,83.57,83.768,83.372,2,2076-05-24,2076-05-25,144,5,2,0,0,0,0,0,1,80.88872,0.897260273972603,0.903287671232877,0.890958904109589,62.6401473972603,77.9981411764706,"prov"
47,83.54525,84.398,81.95,8,2076-06-15,2076-06-22,166,6,8,0,0,0,0,0,0,80.88872,0.895890410958904,0.92027397260274,0.855616438356164,62.6401473972603,77.9981411764706,"prov"
48,86.6135652173913,92.0839999999999,81.338,23,2076-06-27,2076-07-19,178,6,23,15,2,0,3,2,0,80.88872,0.963835616438356,0.998082191780822,0.841643835616438,62.6401473972603,77.9981411764706,"prov"
49,83.246,86.216,80.9239999999999,5,2076-07-22,2076-07-26,203,7,5,1,0,0,0,0,0,80.88872,0.887671232876712,0.957808219178082,0.828493150684931,62.6401473972603,77.9981411764706,"prov"
50,84.8973043478261,91.31,81.2839999999999,23,2076-07-29,2076-08-20,210,7,23,9,2,0,3,1,0,80.88872,0.932328767123288,0.995068493150685,0.84027397260274,62.6401473972603,77.9981411764706,"prov"
51,83.102,84.542,81.662,2,2076-08-26,2076-08-27,238,8,2,0,0,0,0,0,0,80.88872,0.884109589041096,0.924383561643836,0.848767123287671,62.6401473972603,77.9981411764706,"prov"
52,82.841,85.8560000000001,81.05,10,2076-09-05,2076-09-14,248,9,10,1,0,0,0,0,0,80.88872,0.877260273972603,0.951232876712329,0.832328767123288,62.6401473972603,77.9981411764706,"prov"
53,82.5692,84.002,80.96,5,2077-06-28,2077-07-02,178,6,5,0,0,0,0,0,1,80.88872,0.872054794520548,0.91041095890411,0.829315068493151,62.6401473972603,77.9981411764706,"prov"
54,84.0245,85.568,82.0760000000001,4,2077-07-09,2077-07-12,189,7,4,1,0,0,0,0,0,80.88872,0.910684931506849,0.944383561643836,0.861369863013699,62.6401473972603,77.9981411764706,"prov"
55,84.99275,91.3999999999999,81.014,24,2077-07-15,2077-08-07,195,7,24,10,2,0,2,1,0,80.88872,0.934520547945205,0.995616438356164,0.831232876712329,62.6401473972603,77.9981411764706,"prov"
56,84.7618571428571,89.9959999999999,81.05,14,2077-08-13,2077-08-26,224,8,14,5,0,0,1,0,0,80.88872,0.928493150684932,0.991780821917808,0.832328767123288,62.6401473972603,77.9981411764706,"prov"
57,84.4916,86.3419999999999,82.652,5,2077-08-28,2077-09-01,239,8,5,2,0,0,0,0,0,80.88872,0.923013698630137,0.959452054794521,0.875068493150685,62.6401473972603,77.9981411764706,"prov"
58,83.561,83.66,83.4619999999999,2,2078-06-22,2078-06-23,172,6,2,0,0,0,0,0,1,80.88872,0.896438356164384,0.900547945205479,0.893972602739726,62.6401473972603,77.9981411764706,"prov"
59,84.0380000000001,84.4700000000001,83.6060000000001,2,2078-07-01,2078-07-02,181,7,2,0,0,0,0,0,0,80.88872,0.910684931506849,0.922739726027397,0.898356164383562,62.6401473972603,77.9981411764706,"prov"
60,82.5125,83.642,81.806,4,2078-07-08,2078-07-11,188,7,4,0,0,0,0,0,0,80.88872,0.870958904109589,0.899452054794521,0.851506849315068,62.6401473972603,77.9981411764706,"prov"
61,82.976,85.4239999999999,81.1399999999999,9,2078-07-13,2078-07-21,193,7,9,1,0,0,0,0,0,80.88872,0.880547945205479,0.941643835616438,0.835342465753425,62.6401473972603,77.9981411764706,"prov"
62,82.856,84.56,81.932,3,2078-07-23,2078-07-25,203,7,3,0,0,0,0,0,0,80.88872,0.877260273972603,0.925479452054795,0.854794520547945,62.6401473972603,77.9981411764706,"prov"
63,84.0608,89.4379999999999,81.608,15,2078-07-29,2078-08-12,209,7,15,3,0,0,0,0,0,80.88872,0.910958904109589,0.988219178082192,0.847397260273973,62.6401473972603,77.9981411764706,"prov"
64,85.226,86.954,84.3799999999999,4,2078-08-14,2078-08-17,225,8,4,1,0,0,0,0,0,80.88872,0.938356164383562,0.967945205479452,0.91972602739726,62.6401473972603,77.9981411764706,"prov"
65,81.905,82.49,81.1760000000001,4,2078-08-24,2078-08-27,235,8,4,0,0,0,0,0,0,80.88872,0.853150684931507,0.870958904109589,0.836712328767123,62.6401473972603,77.9981411764706,"prov"
66,84.1316,87.782,82.4179999999999,5,2078-08-30,2078-09-03,241,8,5,1,0,0,0,0,0,80.88872,0.912602739726027,0.975616438356164,0.86958904109589,62.6401473972603,77.9981411764706,"prov"
67,83.273,84.272,82.2739999999999,2,2079-06-08,2079-06-09,158,6,2,0,0,0,0,0,1,80.88872,0.888219178082192,0.917808219178082,0.866301369863014,62.6401473972603,77.9981411764706,"prov"
68,82.913,83.696,82.1299999999999,2,2079-06-26,2079-06-27,176,6,2,0,0,0,0,0,0,80.88872,0.879178082191781,0.901369863013699,0.862465753424658,62.6401473972603,77.9981411764706,"prov"
69,82.328,82.328,82.328,2,2079-06-30,2079-07-01,180,6,2,0,0,0,0,0,0,80.88872,0.867671232876712,0.867671232876712,0.867671232876712,62.6401473972603,77.9981411764706,"prov"
70,87.0697142857143,92.786,81.986,42,2079-07-03,2079-08-13,183,7,42,34,6,0,7,5,0,80.88872,0.968767123287671,0.999178082191781,0.856712328767123,62.6401473972603,77.9981411764706,"prov"
71,83.4332,84.146,82.3819999999999,5,2079-08-17,2079-08-21,228,8,5,0,0,0,0,0,0,80.88872,0.892328767123288,0.913972602739726,0.868767123287671,62.6401473972603,77.9981411764706,"prov"
72,83.0899999999999,85.3339999999999,80.978,3,2079-08-24,2079-08-26,235,8,3,1,0,0,0,0,0,80.88872,0.884109589041096,0.940821917808219,0.83041095890411,62.6401473972603,77.9981411764706,"prov"
73,81.3739999999999,81.7339999999999,81.014,2,2079-09-02,2079-09-03,244,9,2,0,0,0,0,0,0,80.88872,0.842191780821918,0.84986301369863,0.831232876712329,62.6401473972603,77.9981411764706,"prov"
