"hw.number","mean.var","max.var","min.var","length","end.date","start.date","start.doy","start.month","days.above.abs.thresh.1","days.above.abs.thresh.2","days.above.abs.thresh.3","days.above.abs.thresh.4","days.above.99th","days.above.99.5th","first.in.year","threshold","mean.var.quantile","max.var.quantile","min.var.quantile","mean.yearround.var","mean.seasonal.var","city"
1,302.265,302.67,301.86,2,2070-06-06,2070-06-05,155,6,2,1,0,0,0,0,1,301.4408,0.866575342465753,0.885205479452055,0.846849315068493,290.913736986301,299.95531372549,"balt"
2,303.024,303.7,302.3,5,2070-06-19,2070-06-15,165,6,5,4,0,0,0,0,0,301.4408,0.903287671232877,0.93041095890411,0.867671232876712,290.913736986301,299.95531372549,"balt"
3,302.795,303.11,302.48,2,2070-07-01,2070-06-30,180,6,2,1,0,0,0,0,0,301.4408,0.891780821917808,0.907945205479452,0.877260273972603,290.913736986301,299.95531372549,"balt"
4,302.688,303.09,302.11,5,2070-07-07,2070-07-03,183,7,5,3,0,0,0,0,0,301.4408,0.885479452054795,0.906575342465753,0.856712328767123,290.913736986301,299.95531372549,"balt"
5,301.855,301.86,301.85,2,2070-07-11,2070-07-10,190,7,2,0,0,0,0,0,0,301.4408,0.845479452054794,0.846849315068493,0.845479452054794,290.913736986301,299.95531372549,"balt"
6,303.507428571429,306.07,301.5,35,2070-08-16,2070-07-13,193,7,35,27,3,0,0,0,0,301.4408,0.921369863013699,0.988767123287671,0.83013698630137,290.913736986301,299.95531372549,"balt"
7,302.376666666667,303.01,301.77,6,2070-08-25,2070-08-20,231,8,6,2,0,0,0,0,0,301.4408,0.871780821917808,0.902739726027397,0.841369863013699,290.913736986301,299.95531372549,"balt"
8,301.695,301.83,301.56,2,2070-09-03,2070-09-02,244,9,2,0,0,0,0,0,0,301.4408,0.838904109589041,0.844383561643836,0.833972602739726,290.913736986301,299.95531372549,"balt"
9,301.8,301.89,301.71,2,2070-09-15,2070-09-14,256,9,2,0,0,0,0,0,0,301.4408,0.842191780821918,0.847671232876712,0.83972602739726,290.913736986301,299.95531372549,"balt"
10,302.454,303.39,302.06,5,2071-06-19,2071-06-15,165,6,5,1,0,0,0,0,1,301.4408,0.874794520547945,0.916164383561644,0.855068493150685,290.913736986301,299.95531372549,"balt"
11,302.942,303.58,301.8,5,2071-06-25,2071-06-21,171,6,5,4,0,0,0,0,0,301.4408,0.897808219178082,0.924657534246575,0.843287671232877,290.913736986301,299.95531372549,"balt"
12,304.86,305.44,304.05,3,2071-06-29,2071-06-27,177,6,3,3,1,0,0,0,0,301.4408,0.96958904109589,0.978082191780822,0.943561643835616,290.913736986301,299.95531372549,"balt"
13,303.48,304.22,302.74,2,2071-07-02,2071-07-01,181,7,2,2,0,0,0,0,0,301.4408,0.921369863013699,0.950684931506849,0.887945205479452,290.913736986301,299.95531372549,"balt"
14,302.96,303.97,302.16,5,2071-07-12,2071-07-08,188,7,5,3,0,0,0,0,0,301.4408,0.899452054794521,0.940821917808219,0.85972602739726,290.913736986301,299.95531372549,"balt"
15,304.07,307.23,302,12,2071-07-25,2071-07-14,194,7,12,10,2,0,1,1,0,301.4408,0.944383561643836,0.995068493150685,0.851780821917808,290.913736986301,299.95531372549,"balt"
16,304.431176470588,307.84,301.49,17,2071-08-14,2071-07-29,209,7,17,14,4,0,2,1,0,301.4408,0.958082191780822,0.997534246575343,0.829315068493151,290.913736986301,299.95531372549,"balt"
17,302.235,302.99,301.48,2,2071-08-19,2071-08-18,229,8,2,1,0,0,0,0,0,301.4408,0.865205479452055,0.901369863013699,0.829041095890411,290.913736986301,299.95531372549,"balt"
18,303.6725,304.47,302.77,8,2071-08-28,2071-08-21,232,8,8,8,0,0,0,0,0,301.4408,0.928767123287671,0.959178082191781,0.88958904109589,290.913736986301,299.95531372549,"balt"
19,302.305,302.43,302.18,2,2072-05-27,2072-05-26,146,5,2,0,0,0,0,0,1,301.4408,0.867671232876712,0.874520547945206,0.861369863013699,290.913736986301,299.95531372549,"balt"
20,301.945,302.2,301.69,2,2072-06-23,2072-06-22,173,6,2,0,0,0,0,0,0,301.4408,0.85013698630137,0.862739726027397,0.838904109589041,290.913736986301,299.95531372549,"balt"
21,302.95,303.46,302.33,3,2072-07-04,2072-07-02,183,7,3,2,0,0,0,0,0,301.4408,0.898904109589041,0.920547945205479,0.86986301369863,290.913736986301,299.95531372549,"balt"
22,303.48,304.92,302.21,5,2072-07-18,2072-07-14,195,7,5,4,0,0,0,0,0,301.4408,0.921369863013699,0.970958904109589,0.863561643835616,290.913736986301,299.95531372549,"balt"
23,302.553333333333,303.76,301.74,6,2072-07-28,2072-07-23,204,7,6,3,0,0,0,0,0,301.4408,0.881095890410959,0.932602739726027,0.840821917808219,290.913736986301,299.95531372549,"balt"
24,304.375,307.39,301.91,10,2072-08-09,2072-07-31,212,7,10,7,3,0,1,1,0,301.4408,0.957260273972603,0.995616438356164,0.848493150684931,290.913736986301,299.95531372549,"balt"
25,303.606,304.79,302.26,5,2072-08-16,2072-08-12,224,8,5,4,0,0,0,0,0,301.4408,0.926301369863014,0.968219178082192,0.866575342465753,290.913736986301,299.95531372549,"balt"
26,302.94,303.83,301.78,5,2072-08-29,2072-08-25,237,8,5,3,0,0,0,0,0,301.4408,0.897808219178082,0.935068493150685,0.841917808219178,290.913736986301,299.95531372549,"balt"
27,302.2,302.23,302.17,2,2072-09-01,2072-08-31,243,8,2,0,0,0,0,0,0,301.4408,0.862739726027397,0.865205479452055,0.860821917808219,290.913736986301,299.95531372549,"balt"
28,303.561428571429,304.12,301.91,7,2073-06-14,2073-06-08,158,6,7,6,0,0,0,0,1,301.4408,0.922739726027397,0.946849315068493,0.848493150684931,290.913736986301,299.95531372549,"balt"
29,302.285,302.37,302.2,2,2073-07-01,2073-06-30,180,6,2,0,0,0,0,0,0,301.4408,0.867123287671233,0.871780821917808,0.862739726027397,290.913736986301,299.95531372549,"balt"
30,304.536363636364,306.65,302.78,11,2073-07-13,2073-07-03,183,7,11,11,3,0,1,0,0,301.4408,0.960547945205479,0.992328767123288,0.890958904109589,290.913736986301,299.95531372549,"balt"
31,305.02,306.79,302.53,8,2073-07-24,2073-07-17,197,7,8,7,4,0,2,0,0,301.4408,0.972054794520548,0.993150684931507,0.879452054794521,290.913736986301,299.95531372549,"balt"
32,303.339473684211,305.31,301.94,19,2073-08-14,2073-07-27,207,7,19,12,0,0,0,0,0,301.4408,0.914246575342466,0.976438356164384,0.85013698630137,290.913736986301,299.95531372549,"balt"
33,302.29,302.67,302.04,3,2073-09-05,2073-09-03,245,9,3,1,0,0,0,0,0,301.4408,0.867123287671233,0.885205479452055,0.853698630136986,290.913736986301,299.95531372549,"balt"
34,302.6,302.64,302.57,3,2073-09-09,2073-09-07,249,9,3,1,0,0,0,0,0,301.4408,0.882191780821918,0.883287671232877,0.881643835616438,290.913736986301,299.95531372549,"balt"
35,301.623333333333,301.75,301.48,3,2074-06-24,2074-06-22,172,6,3,0,0,0,0,0,1,301.4408,0.836438356164384,0.841095890410959,0.829041095890411,290.913736986301,299.95531372549,"balt"
36,304.583333333333,305.88,302.48,9,2074-07-06,2074-06-28,178,6,9,8,3,0,0,0,0,301.4408,0.962465753424658,0.984931506849315,0.877260273972603,290.913736986301,299.95531372549,"balt"
37,303.862619047619,307.57,301.54,42,2074-08-27,2074-07-17,197,7,42,36,6,0,2,1,0,301.4408,0.936438356164384,0.996712328767123,0.832602739726027,290.913736986301,299.95531372549,"balt"
38,302.505,302.85,302.2,4,2074-09-04,2074-09-01,243,9,4,1,0,0,0,0,0,301.4408,0.878082191780822,0.894520547945206,0.862739726027397,290.913736986301,299.95531372549,"balt"
39,303.095555555556,304.64,301.45,9,2074-09-15,2074-09-07,249,9,9,7,0,0,0,0,0,301.4408,0.906575342465753,0.965753424657534,0.827671232876712,290.913736986301,299.95531372549,"balt"
40,302.57,302.75,302.39,2,2075-06-05,2075-06-04,154,6,2,1,0,0,0,0,1,301.4408,0.881643835616438,0.888493150684932,0.872054794520548,290.913736986301,299.95531372549,"balt"
41,302.705,302.99,302.42,2,2075-06-15,2075-06-14,164,6,2,1,0,0,0,0,0,301.4408,0.886301369863014,0.901369863013699,0.873150684931507,290.913736986301,299.95531372549,"balt"
42,302.965,304.27,302.01,10,2075-06-27,2075-06-18,168,6,10,6,0,0,0,0,0,301.4408,0.899452054794521,0.952328767123288,0.852328767123288,290.913736986301,299.95531372549,"balt"
43,303.788571428571,304.69,302.13,7,2075-07-10,2075-07-04,184,7,7,6,0,0,0,0,0,301.4408,0.932876712328767,0.966575342465753,0.858082191780822,290.913736986301,299.95531372549,"balt"
44,303.746666666667,305.92,301.88,6,2075-07-17,2075-07-12,192,7,6,5,1,0,0,0,0,301.4408,0.931780821917808,0.985753424657534,0.847397260273973,290.913736986301,299.95531372549,"balt"
45,303.548666666667,305.73,301.92,15,2075-08-02,2075-07-19,199,7,15,12,2,0,0,0,0,301.4408,0.922191780821918,0.983013698630137,0.849041095890411,290.913736986301,299.95531372549,"balt"
46,304.149565217391,308.87,301.61,23,2075-08-26,2075-08-04,215,8,23,19,5,1,1,1,0,301.4408,0.946849315068493,0.99972602739726,0.836438356164384,290.913736986301,299.95531372549,"balt"
47,304.02,304.61,303.59,4,2075-08-31,2075-08-28,239,8,4,4,0,0,0,0,0,301.4408,0.942465753424658,0.964657534246575,0.925479452054795,290.913736986301,299.95531372549,"balt"
48,303.566666666667,304.94,301.61,3,2075-09-05,2075-09-03,245,9,3,2,0,0,0,0,0,301.4408,0.922739726027397,0.971506849315068,0.836438356164384,290.913736986301,299.95531372549,"balt"
49,302.971,304.37,302.28,10,2075-09-19,2075-09-10,252,9,10,7,0,0,0,0,0,301.4408,0.90027397260274,0.957260273972603,0.867123287671233,290.913736986301,299.95531372549,"balt"
50,302.196666666667,302.62,301.65,3,2076-05-25,2076-05-23,143,5,3,1,0,0,0,0,1,301.4408,0.861643835616438,0.882739726027397,0.838082191780822,290.913736986301,299.95531372549,"balt"
51,302.694,303.66,301.47,5,2076-06-19,2076-06-15,166,6,5,3,0,0,0,0,0,301.4408,0.886027397260274,0.928767123287671,0.828219178082192,290.913736986301,299.95531372549,"balt"
52,302.325,302.5,302.15,2,2076-06-22,2076-06-21,172,6,2,0,0,0,0,0,0,301.4408,0.869041095890411,0.878082191780822,0.858904109589041,290.913736986301,299.95531372549,"balt"
53,304.6028,307.93,301.8,25,2076-07-20,2076-06-26,177,6,25,21,7,0,4,3,0,301.4408,0.963835616438356,0.998356164383562,0.843287671232877,290.913736986301,299.95531372549,"balt"
54,302.944,304.01,301.82,5,2076-08-03,2076-07-30,211,7,5,3,0,0,0,0,0,301.4408,0.897808219178082,0.942191780821918,0.844109589041096,290.913736986301,299.95531372549,"balt"
55,304.347777777778,306.81,301.5,9,2076-08-14,2076-08-06,218,8,9,8,1,0,1,0,0,301.4408,0.955616438356164,0.993424657534247,0.83013698630137,290.913736986301,299.95531372549,"balt"
56,305.134,307.85,302.66,5,2076-08-20,2076-08-16,228,8,5,5,3,0,2,1,0,301.4408,0.973972602739726,0.997808219178082,0.884657534246575,290.913736986301,299.95531372549,"balt"
57,303.225,304.28,301.56,4,2076-08-29,2076-08-26,238,8,4,3,0,0,0,0,0,301.4408,0.91013698630137,0.952602739726027,0.833972602739726,290.913736986301,299.95531372549,"balt"
58,302.266,303.01,301.84,5,2076-09-09,2076-09-05,248,9,5,1,0,0,0,0,0,301.4408,0.866575342465753,0.902739726027397,0.844931506849315,290.913736986301,299.95531372549,"balt"
59,303.2,304.84,301.91,4,2077-07-03,2077-06-30,180,6,4,2,0,0,0,0,1,301.4408,0.90958904109589,0.969041095890411,0.848493150684931,290.913736986301,299.95531372549,"balt"
60,304.1725,305.16,303.1,4,2077-07-12,2077-07-09,189,7,4,4,0,0,0,0,0,301.4408,0.947397260273973,0.974520547945205,0.907397260273973,290.913736986301,299.95531372549,"balt"
61,303.95,307.52,302.06,23,2077-08-08,2077-07-17,197,7,23,19,3,0,1,1,0,301.4408,0.939452054794521,0.996438356164384,0.855068493150685,290.913736986301,299.95531372549,"balt"
62,303.938235294118,306.53,302.32,17,2077-08-26,2077-08-10,221,8,17,13,4,0,1,0,0,301.4408,0.938904109589041,0.99013698630137,0.869041095890411,290.913736986301,299.95531372549,"balt"
63,303,304.37,301.86,6,2077-09-02,2077-08-28,239,8,6,3,0,0,0,0,0,301.4408,0.902191780821918,0.957260273972603,0.846849315068493,290.913736986301,299.95531372549,"balt"
64,303.896666666667,305.82,301.53,3,2078-07-02,2078-06-30,180,6,3,2,1,0,0,0,1,301.4408,0.937808219178082,0.984109589041096,0.832328767123288,290.913736986301,299.95531372549,"balt"
65,302.2875,303,301.55,4,2078-07-11,2078-07-08,188,7,4,1,0,0,0,0,0,301.4408,0.867123287671233,0.902191780821918,0.833150684931507,290.913736986301,299.95531372549,"balt"
66,302.455,303.32,301.59,2,2078-07-15,2078-07-14,194,7,2,1,0,0,0,0,0,301.4408,0.874794520547945,0.913972602739726,0.835068493150685,290.913736986301,299.95531372549,"balt"
67,302.703333333333,303.3,302.24,3,2078-07-20,2078-07-18,198,7,3,1,0,0,0,0,0,301.4408,0.886301369863014,0.913698630136986,0.865479452054794,290.913736986301,299.95531372549,"balt"
68,303.34,304.94,301.86,5,2078-07-26,2078-07-22,202,7,5,3,0,0,0,0,0,301.4408,0.914246575342466,0.971506849315068,0.846849315068493,290.913736986301,299.95531372549,"balt"
69,303.952307692308,305.48,301.96,13,2078-08-09,2078-07-28,208,7,13,12,2,0,0,0,0,301.4408,0.939452054794521,0.979452054794521,0.850958904109589,290.913736986301,299.95531372549,"balt"
70,302.23,302.96,301.5,2,2078-08-12,2078-08-11,222,8,2,1,0,0,0,0,0,301.4408,0.865205479452055,0.899452054794521,0.83013698630137,290.913736986301,299.95531372549,"balt"
71,302.976,303.92,302.43,5,2078-08-18,2078-08-14,225,8,5,4,0,0,0,0,0,301.4408,0.90027397260274,0.938630136986301,0.874520547945206,290.913736986301,299.95531372549,"balt"
72,302.156666666667,302.78,301.67,3,2078-08-28,2078-08-26,237,8,3,1,0,0,0,0,0,301.4408,0.858904109589041,0.890958904109589,0.838630136986301,290.913736986301,299.95531372549,"balt"
73,302.506,304.02,301.8,5,2078-09-03,2078-08-30,241,8,5,2,0,0,0,0,0,301.4408,0.878082191780822,0.942465753424658,0.843287671232877,290.913736986301,299.95531372549,"balt"
74,301.565,301.61,301.52,2,2078-09-10,2078-09-09,251,9,2,0,0,0,0,0,0,301.4408,0.833972602739726,0.836438356164384,0.831780821917808,290.913736986301,299.95531372549,"balt"
75,302.6425,303,302.13,4,2079-06-02,2079-05-30,149,5,4,2,0,0,0,0,1,301.4408,0.883287671232877,0.902191780821918,0.858082191780822,290.913736986301,299.95531372549,"balt"
76,302.575,302.92,302.23,2,2079-06-08,2079-06-07,157,6,2,1,0,0,0,0,0,301.4408,0.881643835616438,0.897260273972603,0.865205479452055,290.913736986301,299.95531372549,"balt"
77,302.46,304.07,301.94,6,2079-07-01,2079-06-26,176,6,6,1,0,0,0,0,0,301.4408,0.875616438356164,0.944383561643836,0.85013698630137,290.913736986301,299.95531372549,"balt"
78,303.5825,305.65,301.74,4,2079-07-06,2079-07-03,183,7,4,3,1,0,0,0,0,301.4408,0.924657534246575,0.981643835616438,0.840821917808219,290.913736986301,299.95531372549,"balt"
79,305.744736842105,308.9,302.11,38,2079-08-14,2079-07-08,188,7,38,33,25,4,18,9,0,301.4408,0.983013698630137,1,0.856712328767123,290.913736986301,299.95531372549,"balt"
80,302.56,303.38,301.74,2,2079-08-18,2079-08-17,228,8,2,1,0,0,0,0,0,301.4408,0.881095890410959,0.915890410958904,0.840821917808219,290.913736986301,299.95531372549,"balt"
81,302.915,304.92,301.51,14,2079-09-02,2079-08-20,231,8,14,9,0,0,0,0,0,301.4408,0.896986301369863,0.970958904109589,0.831232876712329,290.913736986301,299.95531372549,"balt"
1,301.34,301.88,300.8,2,2070-06-06,2070-06-05,155,6,2,0,0,0,0,0,1,300.49,0.855342465753425,0.876986301369863,0.84027397260274,289.796432876712,299.04539869281,"ny"
2,302.867142857143,304.57,300.57,7,2070-06-20,2070-06-14,164,6,7,4,0,0,0,0,0,300.49,0.91972602739726,0.968219178082192,0.826849315068493,289.796432876712,299.04539869281,"ny"
3,301.323333333333,301.85,300.64,3,2070-07-01,2070-06-29,179,6,3,0,0,0,0,0,0,300.49,0.854794520547945,0.876164383561644,0.831232876712329,289.796432876712,299.04539869281,"ny"
4,301.891666666667,303.06,300.53,6,2070-07-08,2070-07-03,183,7,6,2,0,0,0,0,0,300.49,0.878082191780822,0.924931506849315,0.826027397260274,289.796432876712,299.04539869281,"ny"
5,301.63,302.28,300.98,2,2070-07-11,2070-07-10,190,7,2,0,0,0,0,0,0,300.49,0.867397260273973,0.895342465753425,0.844931506849315,289.796432876712,299.04539869281,"ny"
6,303.1459375,305.54,300.53,32,2070-08-13,2070-07-13,193,7,32,22,1,0,0,0,0,300.49,0.928767123287671,0.984109589041096,0.826027397260274,289.796432876712,299.04539869281,"ny"
7,301.982,302.68,301.53,5,2070-08-25,2070-08-21,232,8,5,1,0,0,0,0,0,300.49,0.880821917808219,0.912328767123288,0.863287671232877,289.796432876712,299.04539869281,"ny"
8,301.02,301.35,300.52,3,2070-09-03,2070-09-01,243,9,3,0,0,0,0,0,0,300.49,0.846575342465753,0.856164383561644,0.824931506849315,289.796432876712,299.04539869281,"ny"
9,300.95,301.34,300.68,3,2070-09-16,2070-09-14,256,9,3,0,0,0,0,0,0,300.49,0.844657534246575,0.855342465753425,0.833150684931507,289.796432876712,299.04539869281,"ny"
10,302.615555555556,304.06,301.23,9,2071-06-25,2071-06-17,167,6,9,4,0,0,0,0,1,300.49,0.90986301369863,0.956986301369863,0.852876712328767,289.796432876712,299.04539869281,"ny"
11,303.46,305.88,301.48,3,2071-06-29,2071-06-27,177,6,3,2,1,0,0,0,0,300.49,0.940547945205479,0.987397260273973,0.861643835616438,289.796432876712,299.04539869281,"ny"
12,302.860588235294,305.26,300.61,17,2071-07-26,2071-07-10,190,7,17,9,0,0,0,0,0,300.49,0.91972602739726,0.978082191780822,0.829315068493151,289.796432876712,299.04539869281,"ny"
13,304.706875,306.58,302.42,16,2071-08-13,2071-07-29,209,7,16,15,5,0,2,0,0,300.49,0.970958904109589,0.994794520547945,0.901369863013699,289.796432876712,299.04539869281,"ny"
14,303.1725,304.55,302.06,8,2071-08-28,2071-08-21,232,8,8,5,0,0,0,0,0,300.49,0.929041095890411,0.967945205479452,0.885205479452055,289.796432876712,299.04539869281,"ny"
15,301.655,302.01,301.3,2,2072-06-24,2072-06-23,174,6,2,0,0,0,0,0,1,300.49,0.867945205479452,0.882739726027397,0.854520547945205,289.796432876712,299.04539869281,"ny"
16,300.886666666667,301.06,300.61,3,2072-06-29,2072-06-27,178,6,3,0,0,0,0,0,0,300.49,0.842739726027397,0.848767123287671,0.829315068493151,289.796432876712,299.04539869281,"ny"
17,302.0275,303.12,300.68,4,2072-07-04,2072-07-01,182,7,4,1,0,0,0,0,0,300.49,0.883013698630137,0.928767123287671,0.833150684931507,289.796432876712,299.04539869281,"ny"
18,302.455,304.82,300.64,14,2072-07-27,2072-07-14,195,7,14,6,0,0,0,0,0,300.49,0.903835616438356,0.973698630136986,0.831232876712329,289.796432876712,299.04539869281,"ny"
19,302.156666666667,302.8,300.94,3,2072-08-02,2072-07-31,212,7,3,2,0,0,0,0,0,300.49,0.889041095890411,0.918630136986301,0.844383561643836,289.796432876712,299.04539869281,"ny"
20,304.584,306.03,302.78,5,2072-08-08,2072-08-04,216,8,5,5,2,0,0,0,0,300.49,0.968219178082192,0.988219178082192,0.916712328767123,289.796432876712,299.04539869281,"ny"
21,302.45125,305.33,300.61,8,2072-08-17,2072-08-10,222,8,8,3,0,0,0,0,0,300.49,0.903835616438356,0.97972602739726,0.829315068493151,289.796432876712,299.04539869281,"ny"
22,302.335,303.64,301.03,8,2072-09-01,2072-08-25,237,8,8,3,0,0,0,0,0,300.49,0.897260273972603,0.944383561643836,0.847123287671233,289.796432876712,299.04539869281,"ny"
23,302.96625,303.71,301.68,8,2073-06-15,2073-06-08,158,6,8,7,0,0,0,0,1,300.49,0.921917808219178,0.948767123287671,0.869041095890411,289.796432876712,299.04539869281,"ny"
24,301.51,302.41,300.85,5,2073-06-30,2073-06-26,176,6,5,0,0,0,0,0,0,300.49,0.862465753424658,0.900821917808219,0.842465753424658,289.796432876712,299.04539869281,"ny"
25,304.003636363636,306.46,301.68,11,2073-07-13,2073-07-03,183,7,11,9,2,0,1,0,0,300.49,0.955890410958904,0.992602739726027,0.869041095890411,289.796432876712,299.04539869281,"ny"
26,303.486,306.84,300.53,20,2073-08-04,2073-07-16,196,7,20,12,6,0,2,1,0,300.49,0.941369863013699,0.996438356164384,0.826027397260274,289.796432876712,299.04539869281,"ny"
27,302.87,304.81,301.14,9,2073-08-16,2073-08-08,219,8,9,5,0,0,0,0,0,300.49,0.92,0.973424657534247,0.85013698630137,289.796432876712,299.04539869281,"ny"
28,301.4975,302.18,300.64,4,2073-09-05,2073-09-02,244,9,4,0,0,0,0,0,0,300.49,0.861643835616438,0.890958904109589,0.831232876712329,289.796432876712,299.04539869281,"ny"
29,300.8875,301.41,300.68,4,2073-09-11,2073-09-08,250,9,4,0,0,0,0,0,0,300.49,0.842739726027397,0.857534246575342,0.833150684931507,289.796432876712,299.04539869281,"ny"
30,301.973333333333,302.4,301.51,3,2074-06-24,2074-06-22,172,6,3,0,0,0,0,0,1,300.49,0.88,0.89972602739726,0.862465753424658,289.796432876712,299.04539869281,"ny"
31,304.131,306.35,301.15,10,2074-07-06,2074-06-27,177,6,10,7,3,0,2,0,0,300.49,0.958082191780822,0.991780821917808,0.850684931506849,289.796432876712,299.04539869281,"ny"
32,301.465,302.11,300.82,2,2074-07-16,2074-07-15,195,7,2,0,0,0,0,0,0,300.49,0.86027397260274,0.888767123287671,0.841095890410959,289.796432876712,299.04539869281,"ny"
33,304.495,306.72,302.02,18,2074-08-04,2074-07-18,198,7,18,16,5,0,2,1,0,300.49,0.967397260273973,0.995890410958904,0.883013698630137,289.796432876712,299.04539869281,"ny"
34,304.252,307.99,301.16,20,2074-08-26,2074-08-07,218,8,20,16,5,0,4,3,0,300.49,0.961643835616438,0.999452054794521,0.850958904109589,289.796432876712,299.04539869281,"ny"
35,302.2,303.88,301.14,4,2074-09-03,2074-08-31,242,8,4,1,0,0,0,0,0,300.49,0.891780821917808,0.953972602739726,0.85013698630137,289.796432876712,299.04539869281,"ny"
36,303.078,305.51,300.9,10,2074-09-15,2074-09-06,248,9,10,6,1,0,0,0,0,300.49,0.925205479452055,0.983835616438356,0.843287671232877,289.796432876712,299.04539869281,"ny"
37,300.81,300.95,300.67,2,2074-09-28,2074-09-27,269,9,2,0,0,0,0,0,0,300.49,0.840547945205479,0.844657534246575,0.831506849315068,289.796432876712,299.04539869281,"ny"
38,301.2775,301.98,300.7,4,2075-06-06,2075-06-03,153,6,4,0,0,0,0,0,1,300.49,0.853150684931507,0.880821917808219,0.834246575342466,289.796432876712,299.04539869281,"ny"
39,302.455,303.12,301.79,2,2075-06-15,2075-06-14,164,6,2,1,0,0,0,0,0,300.49,0.903835616438356,0.928767123287671,0.873972602739726,289.796432876712,299.04539869281,"ny"
40,302.486,304.21,300.57,10,2075-06-27,2075-06-18,168,6,10,3,0,0,0,0,0,300.49,0.904657534246575,0.960547945205479,0.826849315068493,289.796432876712,299.04539869281,"ny"
41,303.383050847458,308.62,300.68,59,2075-08-31,2075-07-04,184,7,59,38,6,1,5,5,0,300.49,0.937260273972603,1,0.833150684931507,289.796432876712,299.04539869281,"ny"
42,301.975,302.96,300.99,2,2075-09-04,2075-09-03,245,9,2,1,0,0,0,0,0,300.49,0.88,0.921917808219178,0.845479452054794,289.796432876712,299.04539869281,"ny"
43,301.903333333333,302.9,300.74,3,2075-09-08,2075-09-06,248,9,3,1,0,0,0,0,0,300.49,0.878082191780822,0.92027397260274,0.837260273972603,289.796432876712,299.04539869281,"ny"
44,302.172857142857,303.56,301.29,7,2075-09-19,2075-09-13,255,9,7,2,0,0,0,0,0,300.49,0.88986301369863,0.942465753424658,0.853698630136986,289.796432876712,299.04539869281,"ny"
45,302.085,302.67,301.5,2,2076-05-25,2076-05-24,144,5,2,1,0,0,0,0,1,300.49,0.886849315068493,0.912054794520548,0.862191780821918,289.796432876712,299.04539869281,"ny"
46,301.9375,302.61,301.02,8,2076-06-22,2076-06-15,166,6,8,1,0,0,0,0,0,300.49,0.879452054794521,0.90986301369863,0.846575342465753,289.796432876712,299.04539869281,"ny"
47,303.972916666667,306.85,300.56,24,2076-07-20,2076-06-27,178,6,24,18,8,0,4,2,0,300.49,0.955068493150685,0.996712328767123,0.826301369863014,289.796432876712,299.04539869281,"ny"
48,302.205,302.63,301.78,2,2076-07-26,2076-07-25,206,7,2,1,0,0,0,0,0,300.49,0.891780821917808,0.910958904109589,0.873150684931507,289.796432876712,299.04539869281,"ny"
49,302.746666666667,304.73,300.53,6,2076-08-04,2076-07-30,211,7,6,3,0,0,0,0,0,300.49,0.914246575342466,0.972054794520548,0.826027397260274,289.796432876712,299.04539869281,"ny"
50,303.218,306.67,300.52,10,2076-08-15,2076-08-06,218,8,10,6,3,0,1,1,0,300.49,0.93013698630137,0.995616438356164,0.824931506849315,289.796432876712,299.04539869281,"ny"
51,303.715,306.04,301.03,4,2076-08-20,2076-08-17,229,8,4,2,1,0,0,0,0,300.49,0.948767123287671,0.988493150684931,0.847123287671233,289.796432876712,299.04539869281,"ny"
52,302.42,303.65,300.84,4,2076-08-29,2076-08-26,238,8,4,2,0,0,0,0,0,300.49,0.900821917808219,0.945479452054795,0.842191780821918,289.796432876712,299.04539869281,"ny"
53,301.739,303.75,300.78,10,2076-09-15,2076-09-06,249,9,10,1,0,0,0,0,0,300.49,0.87013698630137,0.95013698630137,0.838904109589041,289.796432876712,299.04539869281,"ny"
54,302.73,304.02,301.29,4,2077-07-02,2077-06-29,179,6,4,2,0,0,0,0,1,300.49,0.913972602739726,0.956712328767123,0.853698630136986,289.796432876712,299.04539869281,"ny"
55,302.915,303.29,301.92,4,2077-07-12,2077-07-09,189,7,4,3,0,0,0,0,0,300.49,0.920821917808219,0.933972602739726,0.879178082191781,289.796432876712,299.04539869281,"ny"
56,303.5128,308.38,300.71,25,2077-08-08,2077-07-15,195,7,25,15,5,1,3,2,0,300.49,0.941643835616438,0.99972602739726,0.835068493150685,289.796432876712,299.04539869281,"ny"
57,303.058125,306.24,300.51,16,2077-08-26,2077-08-11,222,8,16,8,1,0,1,0,0,300.49,0.924657534246575,0.991232876712329,0.823835616438356,289.796432876712,299.04539869281,"ny"
58,302.395,303.96,300.51,6,2077-09-02,2077-08-28,239,8,6,3,0,0,0,0,0,300.49,0.899178082191781,0.954794520547945,0.823835616438356,289.796432876712,299.04539869281,"ny"
59,301.505,301.53,301.48,2,2078-06-23,2078-06-22,172,6,2,0,0,0,0,0,1,300.49,0.862191780821918,0.863287671232877,0.861643835616438,289.796432876712,299.04539869281,"ny"
60,303.285,303.79,302.78,2,2078-07-02,2078-07-01,181,7,2,2,0,0,0,0,0,300.49,0.932876712328767,0.952328767123288,0.916712328767123,289.796432876712,299.04539869281,"ny"
61,302.06,303.33,300.81,4,2078-07-11,2078-07-08,188,7,4,1,0,0,0,0,0,300.49,0.885205479452055,0.936164383561644,0.840547945205479,289.796432876712,299.04539869281,"ny"
62,301.945,302.44,301.45,2,2078-07-15,2078-07-14,194,7,2,0,0,0,0,0,0,300.49,0.879452054794521,0.903561643835616,0.86,289.796432876712,299.04539869281,"ny"
63,302.225,303.42,300.8,8,2078-07-25,2078-07-18,198,7,8,4,0,0,0,0,0,300.49,0.892602739726027,0.938904109589041,0.84027397260274,289.796432876712,299.04539869281,"ny"
64,302.62125,306.48,300.62,16,2078-08-11,2078-07-27,207,7,16,6,2,0,1,0,0,300.49,0.91041095890411,0.992876712328767,0.83013698630137,289.796432876712,299.04539869281,"ny"
65,302.214,303.09,300.62,5,2078-08-17,2078-08-13,224,8,5,2,0,0,0,0,0,300.49,0.892602739726027,0.926849315068493,0.83013698630137,289.796432876712,299.04539869281,"ny"
66,301.038,302.16,300.49,5,2078-08-27,2078-08-23,234,8,5,0,0,0,0,0,0,300.49,0.847123287671233,0.88958904109589,0.823013698630137,289.796432876712,299.04539869281,"ny"
67,301.901666666667,304.26,300.74,6,2078-09-04,2078-08-30,241,8,6,1,0,0,0,0,0,300.49,0.878082191780822,0.962191780821918,0.837260273972603,289.796432876712,299.04539869281,"ny"
68,301.54,302.61,300.62,5,2079-06-02,2079-05-29,148,5,5,1,0,0,0,0,1,300.49,0.863561643835616,0.90986301369863,0.83013698630137,289.796432876712,299.04539869281,"ny"
69,301.57,302.24,300.78,3,2079-06-09,2079-06-07,157,6,3,0,0,0,0,0,0,300.49,0.864931506849315,0.893698630136986,0.838904109589041,289.796432876712,299.04539869281,"ny"
70,301.646666666667,302.58,300.61,3,2079-06-27,2079-06-25,175,6,3,0,0,0,0,0,0,300.49,0.867945205479452,0.908767123287671,0.829315068493151,289.796432876712,299.04539869281,"ny"
71,301.4,301.76,301.04,2,2079-07-01,2079-06-30,180,6,2,0,0,0,0,0,0,300.49,0.857260273972603,0.871780821917808,0.847945205479452,289.796432876712,299.04539869281,"ny"
72,304.539069767442,307.84,300.68,43,2079-08-14,2079-07-03,183,7,43,36,16,0,9,4,0,300.49,0.967671232876712,0.999178082191781,0.833150684931507,289.796432876712,299.04539869281,"ny"
73,301.34,301.86,300.82,2,2079-08-18,2079-08-17,228,8,2,0,0,0,0,0,0,300.49,0.855342465753425,0.876438356164384,0.841095890410959,289.796432876712,299.04539869281,"ny"
74,301.815,301.89,301.74,2,2079-08-21,2079-08-20,231,8,2,0,0,0,0,0,0,300.49,0.874794520547945,0.878082191780822,0.870958904109589,289.796432876712,299.04539869281,"ny"
75,302.31,303.73,300.92,3,2079-08-25,2079-08-23,234,8,3,1,0,0,0,0,0,300.49,0.896164383561644,0.949041095890411,0.843835616438356,289.796432876712,299.04539869281,"ny"
1,301.34,301.88,300.8,2,2070-06-06,2070-06-05,155,6,2,0,0,0,0,0,1,300.49,0.855342465753425,0.876986301369863,0.84027397260274,289.796432876712,299.04539869281,"nwk"
2,302.867142857143,304.57,300.57,7,2070-06-20,2070-06-14,164,6,7,4,0,0,0,0,0,300.49,0.91972602739726,0.968219178082192,0.826849315068493,289.796432876712,299.04539869281,"nwk"
3,301.323333333333,301.85,300.64,3,2070-07-01,2070-06-29,179,6,3,0,0,0,0,0,0,300.49,0.854794520547945,0.876164383561644,0.831232876712329,289.796432876712,299.04539869281,"nwk"
4,301.891666666667,303.06,300.53,6,2070-07-08,2070-07-03,183,7,6,2,0,0,0,0,0,300.49,0.878082191780822,0.924931506849315,0.826027397260274,289.796432876712,299.04539869281,"nwk"
5,301.63,302.28,300.98,2,2070-07-11,2070-07-10,190,7,2,0,0,0,0,0,0,300.49,0.867397260273973,0.895342465753425,0.844931506849315,289.796432876712,299.04539869281,"nwk"
6,303.1459375,305.54,300.53,32,2070-08-13,2070-07-13,193,7,32,22,1,0,0,0,0,300.49,0.928767123287671,0.984109589041096,0.826027397260274,289.796432876712,299.04539869281,"nwk"
7,301.982,302.68,301.53,5,2070-08-25,2070-08-21,232,8,5,1,0,0,0,0,0,300.49,0.880821917808219,0.912328767123288,0.863287671232877,289.796432876712,299.04539869281,"nwk"
8,301.02,301.35,300.52,3,2070-09-03,2070-09-01,243,9,3,0,0,0,0,0,0,300.49,0.846575342465753,0.856164383561644,0.824931506849315,289.796432876712,299.04539869281,"nwk"
9,300.95,301.34,300.68,3,2070-09-16,2070-09-14,256,9,3,0,0,0,0,0,0,300.49,0.844657534246575,0.855342465753425,0.833150684931507,289.796432876712,299.04539869281,"nwk"
10,302.615555555556,304.06,301.23,9,2071-06-25,2071-06-17,167,6,9,4,0,0,0,0,1,300.49,0.90986301369863,0.956986301369863,0.852876712328767,289.796432876712,299.04539869281,"nwk"
11,303.46,305.88,301.48,3,2071-06-29,2071-06-27,177,6,3,2,1,0,0,0,0,300.49,0.940547945205479,0.987397260273973,0.861643835616438,289.796432876712,299.04539869281,"nwk"
12,302.860588235294,305.26,300.61,17,2071-07-26,2071-07-10,190,7,17,9,0,0,0,0,0,300.49,0.91972602739726,0.978082191780822,0.829315068493151,289.796432876712,299.04539869281,"nwk"
13,304.706875,306.58,302.42,16,2071-08-13,2071-07-29,209,7,16,15,5,0,2,0,0,300.49,0.970958904109589,0.994794520547945,0.901369863013699,289.796432876712,299.04539869281,"nwk"
14,303.1725,304.55,302.06,8,2071-08-28,2071-08-21,232,8,8,5,0,0,0,0,0,300.49,0.929041095890411,0.967945205479452,0.885205479452055,289.796432876712,299.04539869281,"nwk"
15,301.655,302.01,301.3,2,2072-06-24,2072-06-23,174,6,2,0,0,0,0,0,1,300.49,0.867945205479452,0.882739726027397,0.854520547945205,289.796432876712,299.04539869281,"nwk"
16,300.886666666667,301.06,300.61,3,2072-06-29,2072-06-27,178,6,3,0,0,0,0,0,0,300.49,0.842739726027397,0.848767123287671,0.829315068493151,289.796432876712,299.04539869281,"nwk"
17,302.0275,303.12,300.68,4,2072-07-04,2072-07-01,182,7,4,1,0,0,0,0,0,300.49,0.883013698630137,0.928767123287671,0.833150684931507,289.796432876712,299.04539869281,"nwk"
18,302.455,304.82,300.64,14,2072-07-27,2072-07-14,195,7,14,6,0,0,0,0,0,300.49,0.903835616438356,0.973698630136986,0.831232876712329,289.796432876712,299.04539869281,"nwk"
19,302.156666666667,302.8,300.94,3,2072-08-02,2072-07-31,212,7,3,2,0,0,0,0,0,300.49,0.889041095890411,0.918630136986301,0.844383561643836,289.796432876712,299.04539869281,"nwk"
20,304.584,306.03,302.78,5,2072-08-08,2072-08-04,216,8,5,5,2,0,0,0,0,300.49,0.968219178082192,0.988219178082192,0.916712328767123,289.796432876712,299.04539869281,"nwk"
21,302.45125,305.33,300.61,8,2072-08-17,2072-08-10,222,8,8,3,0,0,0,0,0,300.49,0.903835616438356,0.97972602739726,0.829315068493151,289.796432876712,299.04539869281,"nwk"
22,302.335,303.64,301.03,8,2072-09-01,2072-08-25,237,8,8,3,0,0,0,0,0,300.49,0.897260273972603,0.944383561643836,0.847123287671233,289.796432876712,299.04539869281,"nwk"
23,302.96625,303.71,301.68,8,2073-06-15,2073-06-08,158,6,8,7,0,0,0,0,1,300.49,0.921917808219178,0.948767123287671,0.869041095890411,289.796432876712,299.04539869281,"nwk"
24,301.51,302.41,300.85,5,2073-06-30,2073-06-26,176,6,5,0,0,0,0,0,0,300.49,0.862465753424658,0.900821917808219,0.842465753424658,289.796432876712,299.04539869281,"nwk"
25,304.003636363636,306.46,301.68,11,2073-07-13,2073-07-03,183,7,11,9,2,0,1,0,0,300.49,0.955890410958904,0.992602739726027,0.869041095890411,289.796432876712,299.04539869281,"nwk"
26,303.486,306.84,300.53,20,2073-08-04,2073-07-16,196,7,20,12,6,0,2,1,0,300.49,0.941369863013699,0.996438356164384,0.826027397260274,289.796432876712,299.04539869281,"nwk"
27,302.87,304.81,301.14,9,2073-08-16,2073-08-08,219,8,9,5,0,0,0,0,0,300.49,0.92,0.973424657534247,0.85013698630137,289.796432876712,299.04539869281,"nwk"
28,301.4975,302.18,300.64,4,2073-09-05,2073-09-02,244,9,4,0,0,0,0,0,0,300.49,0.861643835616438,0.890958904109589,0.831232876712329,289.796432876712,299.04539869281,"nwk"
29,300.8875,301.41,300.68,4,2073-09-11,2073-09-08,250,9,4,0,0,0,0,0,0,300.49,0.842739726027397,0.857534246575342,0.833150684931507,289.796432876712,299.04539869281,"nwk"
30,301.973333333333,302.4,301.51,3,2074-06-24,2074-06-22,172,6,3,0,0,0,0,0,1,300.49,0.88,0.89972602739726,0.862465753424658,289.796432876712,299.04539869281,"nwk"
31,304.131,306.35,301.15,10,2074-07-06,2074-06-27,177,6,10,7,3,0,2,0,0,300.49,0.958082191780822,0.991780821917808,0.850684931506849,289.796432876712,299.04539869281,"nwk"
32,301.465,302.11,300.82,2,2074-07-16,2074-07-15,195,7,2,0,0,0,0,0,0,300.49,0.86027397260274,0.888767123287671,0.841095890410959,289.796432876712,299.04539869281,"nwk"
33,304.495,306.72,302.02,18,2074-08-04,2074-07-18,198,7,18,16,5,0,2,1,0,300.49,0.967397260273973,0.995890410958904,0.883013698630137,289.796432876712,299.04539869281,"nwk"
34,304.252,307.99,301.16,20,2074-08-26,2074-08-07,218,8,20,16,5,0,4,3,0,300.49,0.961643835616438,0.999452054794521,0.850958904109589,289.796432876712,299.04539869281,"nwk"
35,302.2,303.88,301.14,4,2074-09-03,2074-08-31,242,8,4,1,0,0,0,0,0,300.49,0.891780821917808,0.953972602739726,0.85013698630137,289.796432876712,299.04539869281,"nwk"
36,303.078,305.51,300.9,10,2074-09-15,2074-09-06,248,9,10,6,1,0,0,0,0,300.49,0.925205479452055,0.983835616438356,0.843287671232877,289.796432876712,299.04539869281,"nwk"
37,300.81,300.95,300.67,2,2074-09-28,2074-09-27,269,9,2,0,0,0,0,0,0,300.49,0.840547945205479,0.844657534246575,0.831506849315068,289.796432876712,299.04539869281,"nwk"
38,301.2775,301.98,300.7,4,2075-06-06,2075-06-03,153,6,4,0,0,0,0,0,1,300.49,0.853150684931507,0.880821917808219,0.834246575342466,289.796432876712,299.04539869281,"nwk"
39,302.455,303.12,301.79,2,2075-06-15,2075-06-14,164,6,2,1,0,0,0,0,0,300.49,0.903835616438356,0.928767123287671,0.873972602739726,289.796432876712,299.04539869281,"nwk"
40,302.486,304.21,300.57,10,2075-06-27,2075-06-18,168,6,10,3,0,0,0,0,0,300.49,0.904657534246575,0.960547945205479,0.826849315068493,289.796432876712,299.04539869281,"nwk"
41,303.383050847458,308.62,300.68,59,2075-08-31,2075-07-04,184,7,59,38,6,1,5,5,0,300.49,0.937260273972603,1,0.833150684931507,289.796432876712,299.04539869281,"nwk"
42,301.975,302.96,300.99,2,2075-09-04,2075-09-03,245,9,2,1,0,0,0,0,0,300.49,0.88,0.921917808219178,0.845479452054794,289.796432876712,299.04539869281,"nwk"
43,301.903333333333,302.9,300.74,3,2075-09-08,2075-09-06,248,9,3,1,0,0,0,0,0,300.49,0.878082191780822,0.92027397260274,0.837260273972603,289.796432876712,299.04539869281,"nwk"
44,302.172857142857,303.56,301.29,7,2075-09-19,2075-09-13,255,9,7,2,0,0,0,0,0,300.49,0.88986301369863,0.942465753424658,0.853698630136986,289.796432876712,299.04539869281,"nwk"
45,302.085,302.67,301.5,2,2076-05-25,2076-05-24,144,5,2,1,0,0,0,0,1,300.49,0.886849315068493,0.912054794520548,0.862191780821918,289.796432876712,299.04539869281,"nwk"
46,301.9375,302.61,301.02,8,2076-06-22,2076-06-15,166,6,8,1,0,0,0,0,0,300.49,0.879452054794521,0.90986301369863,0.846575342465753,289.796432876712,299.04539869281,"nwk"
47,303.972916666667,306.85,300.56,24,2076-07-20,2076-06-27,178,6,24,18,8,0,4,2,0,300.49,0.955068493150685,0.996712328767123,0.826301369863014,289.796432876712,299.04539869281,"nwk"
48,302.205,302.63,301.78,2,2076-07-26,2076-07-25,206,7,2,1,0,0,0,0,0,300.49,0.891780821917808,0.910958904109589,0.873150684931507,289.796432876712,299.04539869281,"nwk"
49,302.746666666667,304.73,300.53,6,2076-08-04,2076-07-30,211,7,6,3,0,0,0,0,0,300.49,0.914246575342466,0.972054794520548,0.826027397260274,289.796432876712,299.04539869281,"nwk"
50,303.218,306.67,300.52,10,2076-08-15,2076-08-06,218,8,10,6,3,0,1,1,0,300.49,0.93013698630137,0.995616438356164,0.824931506849315,289.796432876712,299.04539869281,"nwk"
51,303.715,306.04,301.03,4,2076-08-20,2076-08-17,229,8,4,2,1,0,0,0,0,300.49,0.948767123287671,0.988493150684931,0.847123287671233,289.796432876712,299.04539869281,"nwk"
52,302.42,303.65,300.84,4,2076-08-29,2076-08-26,238,8,4,2,0,0,0,0,0,300.49,0.900821917808219,0.945479452054795,0.842191780821918,289.796432876712,299.04539869281,"nwk"
53,301.739,303.75,300.78,10,2076-09-15,2076-09-06,249,9,10,1,0,0,0,0,0,300.49,0.87013698630137,0.95013698630137,0.838904109589041,289.796432876712,299.04539869281,"nwk"
54,302.73,304.02,301.29,4,2077-07-02,2077-06-29,179,6,4,2,0,0,0,0,1,300.49,0.913972602739726,0.956712328767123,0.853698630136986,289.796432876712,299.04539869281,"nwk"
55,302.915,303.29,301.92,4,2077-07-12,2077-07-09,189,7,4,3,0,0,0,0,0,300.49,0.920821917808219,0.933972602739726,0.879178082191781,289.796432876712,299.04539869281,"nwk"
56,303.5128,308.38,300.71,25,2077-08-08,2077-07-15,195,7,25,15,5,1,3,2,0,300.49,0.941643835616438,0.99972602739726,0.835068493150685,289.796432876712,299.04539869281,"nwk"
57,303.058125,306.24,300.51,16,2077-08-26,2077-08-11,222,8,16,8,1,0,1,0,0,300.49,0.924657534246575,0.991232876712329,0.823835616438356,289.796432876712,299.04539869281,"nwk"
58,302.395,303.96,300.51,6,2077-09-02,2077-08-28,239,8,6,3,0,0,0,0,0,300.49,0.899178082191781,0.954794520547945,0.823835616438356,289.796432876712,299.04539869281,"nwk"
59,301.505,301.53,301.48,2,2078-06-23,2078-06-22,172,6,2,0,0,0,0,0,1,300.49,0.862191780821918,0.863287671232877,0.861643835616438,289.796432876712,299.04539869281,"nwk"
60,303.285,303.79,302.78,2,2078-07-02,2078-07-01,181,7,2,2,0,0,0,0,0,300.49,0.932876712328767,0.952328767123288,0.916712328767123,289.796432876712,299.04539869281,"nwk"
61,302.06,303.33,300.81,4,2078-07-11,2078-07-08,188,7,4,1,0,0,0,0,0,300.49,0.885205479452055,0.936164383561644,0.840547945205479,289.796432876712,299.04539869281,"nwk"
62,301.945,302.44,301.45,2,2078-07-15,2078-07-14,194,7,2,0,0,0,0,0,0,300.49,0.879452054794521,0.903561643835616,0.86,289.796432876712,299.04539869281,"nwk"
63,302.225,303.42,300.8,8,2078-07-25,2078-07-18,198,7,8,4,0,0,0,0,0,300.49,0.892602739726027,0.938904109589041,0.84027397260274,289.796432876712,299.04539869281,"nwk"
64,302.62125,306.48,300.62,16,2078-08-11,2078-07-27,207,7,16,6,2,0,1,0,0,300.49,0.91041095890411,0.992876712328767,0.83013698630137,289.796432876712,299.04539869281,"nwk"
65,302.214,303.09,300.62,5,2078-08-17,2078-08-13,224,8,5,2,0,0,0,0,0,300.49,0.892602739726027,0.926849315068493,0.83013698630137,289.796432876712,299.04539869281,"nwk"
66,301.038,302.16,300.49,5,2078-08-27,2078-08-23,234,8,5,0,0,0,0,0,0,300.49,0.847123287671233,0.88958904109589,0.823013698630137,289.796432876712,299.04539869281,"nwk"
67,301.901666666667,304.26,300.74,6,2078-09-04,2078-08-30,241,8,6,1,0,0,0,0,0,300.49,0.878082191780822,0.962191780821918,0.837260273972603,289.796432876712,299.04539869281,"nwk"
68,301.54,302.61,300.62,5,2079-06-02,2079-05-29,148,5,5,1,0,0,0,0,1,300.49,0.863561643835616,0.90986301369863,0.83013698630137,289.796432876712,299.04539869281,"nwk"
69,301.57,302.24,300.78,3,2079-06-09,2079-06-07,157,6,3,0,0,0,0,0,0,300.49,0.864931506849315,0.893698630136986,0.838904109589041,289.796432876712,299.04539869281,"nwk"
70,301.646666666667,302.58,300.61,3,2079-06-27,2079-06-25,175,6,3,0,0,0,0,0,0,300.49,0.867945205479452,0.908767123287671,0.829315068493151,289.796432876712,299.04539869281,"nwk"
71,301.4,301.76,301.04,2,2079-07-01,2079-06-30,180,6,2,0,0,0,0,0,0,300.49,0.857260273972603,0.871780821917808,0.847945205479452,289.796432876712,299.04539869281,"nwk"
72,304.539069767442,307.84,300.68,43,2079-08-14,2079-07-03,183,7,43,36,16,0,9,4,0,300.49,0.967671232876712,0.999178082191781,0.833150684931507,289.796432876712,299.04539869281,"nwk"
73,301.34,301.86,300.82,2,2079-08-18,2079-08-17,228,8,2,0,0,0,0,0,0,300.49,0.855342465753425,0.876438356164384,0.841095890410959,289.796432876712,299.04539869281,"nwk"
74,301.815,301.89,301.74,2,2079-08-21,2079-08-20,231,8,2,0,0,0,0,0,0,300.49,0.874794520547945,0.878082191780822,0.870958904109589,289.796432876712,299.04539869281,"nwk"
75,302.31,303.73,300.92,3,2079-08-25,2079-08-23,234,8,3,1,0,0,0,0,0,300.49,0.896164383561644,0.949041095890411,0.843835616438356,289.796432876712,299.04539869281,"nwk"
1,302.696,303.54,302.02,5,2070-06-19,2070-06-15,165,6,5,2,0,0,0,0,1,300.6204,0.912054794520548,0.945753424657534,0.88986301369863,289.944139726027,299.168784313725,"phil"
2,301.53,301.98,301.3,3,2070-07-01,2070-06-29,179,6,3,0,0,0,0,0,0,300.6204,0.864383561643836,0.887671232876712,0.852602739726027,289.944139726027,299.168784313725,"phil"
3,302.095,303.19,300.67,6,2070-07-08,2070-07-03,183,7,6,2,0,0,0,0,0,300.6204,0.893424657534247,0.933150684931507,0.824657534246575,289.944139726027,299.168784313725,"phil"
4,301.36,301.76,300.96,2,2070-07-11,2070-07-10,190,7,2,0,0,0,0,0,0,300.6204,0.856164383561644,0.876438356164384,0.837260273972603,289.944139726027,299.168784313725,"phil"
5,302.95875,305.2,300.77,32,2070-08-13,2070-07-13,193,7,32,19,0,0,0,0,0,300.6204,0.923287671232877,0.981369863013699,0.828493150684931,289.944139726027,299.168784313725,"phil"
6,302.585,303.87,301.3,2,2070-08-16,2070-08-15,226,8,2,1,0,0,0,0,0,300.6204,0.907397260273973,0.954520547945205,0.852602739726027,289.944139726027,299.168784313725,"phil"
7,301.886,302.38,301.58,5,2070-08-25,2070-08-21,232,8,5,0,0,0,0,0,0,300.6204,0.882739726027397,0.902191780821918,0.866575342465753,289.944139726027,299.168784313725,"phil"
8,301.315,301.49,301.14,2,2070-08-30,2070-08-29,240,8,2,0,0,0,0,0,0,300.6204,0.853150684931507,0.861643835616438,0.844383561643836,289.944139726027,299.168784313725,"phil"
9,301.136666666667,301.4,300.99,3,2070-09-03,2070-09-01,243,9,3,0,0,0,0,0,0,300.6204,0.843561643835616,0.857534246575342,0.838904109589041,289.944139726027,299.168784313725,"phil"
10,301.23,301.32,301.14,2,2070-09-15,2070-09-14,256,9,2,0,0,0,0,0,0,300.6204,0.849041095890411,0.853972602739726,0.844383561643836,289.944139726027,299.168784313725,"phil"
11,302.056363636364,303.41,300.88,11,2071-06-25,2071-06-15,165,6,11,4,0,0,0,0,1,300.6204,0.891506849315069,0.942465753424658,0.835068493150685,289.944139726027,299.168784313725,"phil"
12,303.946666666667,305.68,302.48,3,2071-06-29,2071-06-27,177,6,3,2,1,0,0,0,0,300.6204,0.957534246575342,0.987397260273973,0.905205479452055,289.944139726027,299.168784313725,"phil"
13,301.99,302.9,301.08,2,2071-07-02,2071-07-01,181,7,2,1,0,0,0,0,0,300.6204,0.887945205479452,0.91972602739726,0.841369863013699,289.944139726027,299.168784313725,"phil"
14,302.156666666667,302.83,301.73,3,2071-07-12,2071-07-10,190,7,3,1,0,0,0,0,0,300.6204,0.895616438356164,0.916164383561644,0.875890410958904,289.944139726027,299.168784313725,"phil"
15,303.056923076923,306.4,300.81,13,2071-07-26,2071-07-14,194,7,13,8,1,0,1,0,0,300.6204,0.927397260273973,0.994246575342466,0.82986301369863,289.944139726027,299.168784313725,"phil"
16,304.378125,306.83,301.53,16,2071-08-13,2071-07-29,209,7,16,15,4,0,1,1,0,300.6204,0.967945205479452,0.997260273972603,0.864383561643836,289.944139726027,299.168784313725,"phil"
17,303.06375,304.07,302.04,8,2071-08-28,2071-08-21,232,8,8,6,0,0,0,0,0,300.6204,0.927671232876712,0.961095890410959,0.891232876712329,289.944139726027,299.168784313725,"phil"
18,301.235,301.35,301.12,2,2072-05-27,2072-05-26,146,5,2,0,0,0,0,0,1,300.6204,0.849041095890411,0.855616438356164,0.843013698630137,289.944139726027,299.168784313725,"phil"
19,301.01,301.13,300.89,2,2072-06-23,2072-06-22,173,6,2,0,0,0,0,0,0,300.6204,0.839178082191781,0.843561643835616,0.835342465753425,289.944139726027,299.168784313725,"phil"
20,300.793333333333,300.86,300.73,3,2072-06-28,2072-06-26,177,6,3,0,0,0,0,0,0,300.6204,0.829041095890411,0.834246575342466,0.827671232876712,289.944139726027,299.168784313725,"phil"
21,302.296666666667,303.27,301.59,3,2072-07-04,2072-07-02,183,7,3,1,0,0,0,0,0,300.6204,0.89972602739726,0.937260273972603,0.868219178082192,289.944139726027,299.168784313725,"phil"
22,302.136875,304.55,300.63,16,2072-07-28,2072-07-13,194,7,16,5,0,0,0,0,0,300.6204,0.894246575342466,0.972328767123288,0.823013698630137,289.944139726027,299.168784313725,"phil"
23,302.463333333333,303.79,301.3,3,2072-08-02,2072-07-31,212,7,3,1,0,0,0,0,0,300.6204,0.904383561643836,0.952054794520548,0.852602739726027,289.944139726027,299.168784313725,"phil"
24,304.126666666667,306.39,300.86,6,2072-08-09,2072-08-04,216,8,6,5,1,0,1,0,0,300.6204,0.961917808219178,0.993698630136986,0.834246575342466,289.944139726027,299.168784313725,"phil"
25,302.848333333333,305.31,300.97,6,2072-08-16,2072-08-11,223,8,6,4,0,0,0,0,0,300.6204,0.916986301369863,0.982739726027397,0.837534246575342,289.944139726027,299.168784313725,"phil"
26,302.11375,303.38,301.18,8,2072-09-01,2072-08-25,237,8,8,3,0,0,0,0,0,300.6204,0.893698630136986,0.941369863013699,0.845753424657534,289.944139726027,299.168784313725,"phil"
27,302.478888888889,303.65,300.73,9,2073-06-16,2073-06-08,158,6,9,5,0,0,0,0,1,300.6204,0.904383561643836,0.948767123287671,0.827671232876712,289.944139726027,299.168784313725,"phil"
28,301.1325,301.51,300.67,4,2073-07-01,2073-06-28,178,6,4,0,0,0,0,0,0,300.6204,0.843561643835616,0.863013698630137,0.824657534246575,289.944139726027,299.168784313725,"phil"
29,303.933636363636,306.14,302.05,11,2073-07-13,2073-07-03,183,7,11,10,1,0,1,0,0,300.6204,0.956986301369863,0.992602739726027,0.891506849315069,289.944139726027,299.168784313725,"phil"
30,304.93625,306.61,302.22,8,2073-07-24,2073-07-17,197,7,8,7,4,0,2,1,0,300.6204,0.978356164383562,0.995342465753425,0.898082191780822,289.944139726027,299.168784313725,"phil"
31,302.814444444444,304.39,301.35,9,2073-08-04,2073-07-27,207,7,9,4,0,0,0,0,0,300.6204,0.915890410958904,0.968219178082192,0.855616438356164,289.944139726027,299.168784313725,"phil"
32,302.416363636364,303.99,301.09,11,2073-08-16,2073-08-06,217,8,11,5,0,0,0,0,0,300.6204,0.903561643835616,0.958904109589041,0.842191780821918,289.944139726027,299.168784313725,"phil"
33,301.373333333333,301.7,300.86,3,2073-09-05,2073-09-03,245,9,3,0,0,0,0,0,0,300.6204,0.856712328767123,0.874794520547945,0.834246575342466,289.944139726027,299.168784313725,"phil"
34,301.22,301.65,300.81,3,2073-09-09,2073-09-07,249,9,3,0,0,0,0,0,0,300.6204,0.847945205479452,0.870958904109589,0.82986301369863,289.944139726027,299.168784313725,"phil"
35,301.423333333333,301.62,301.26,3,2074-06-24,2074-06-22,172,6,3,0,0,0,0,0,1,300.6204,0.859178082191781,0.869315068493151,0.84958904109589,289.944139726027,299.168784313725,"phil"
36,303.777,305.61,300.63,10,2074-07-06,2074-06-27,177,6,10,7,1,0,0,0,0,300.6204,0.950958904109589,0.986027397260274,0.823013698630137,289.944139726027,299.168784313725,"phil"
37,303.277142857143,306.07,300.83,21,2074-08-04,2074-07-15,195,7,21,16,1,0,1,0,0,300.6204,0.937260273972603,0.992054794520548,0.831232876712329,289.944139726027,299.168784313725,"phil"
38,303.630454545455,306.91,300.65,22,2074-08-27,2074-08-06,217,8,22,17,4,0,3,2,0,300.6204,0.947671232876712,0.997808219178082,0.823561643835616,289.944139726027,299.168784313725,"phil"
39,301.73,302.84,300.64,4,2074-09-03,2074-08-31,242,8,4,1,0,0,0,0,0,300.6204,0.875890410958904,0.916986301369863,0.823287671232877,289.944139726027,299.168784313725,"phil"
40,303.001111111111,304.57,301.42,9,2074-09-15,2074-09-07,249,9,9,6,0,0,0,0,0,300.6204,0.925753424657534,0.972602739726027,0.859178082191781,289.944139726027,299.168784313725,"phil"
41,300.875,301.05,300.7,2,2074-09-28,2074-09-27,269,9,2,0,0,0,0,0,0,300.6204,0.834520547945205,0.840547945205479,0.826301369863014,289.944139726027,299.168784313725,"phil"
42,301.725,302.26,301.19,2,2075-06-05,2075-06-04,154,6,2,0,0,0,0,0,1,300.6204,0.875616438356164,0.899452054794521,0.846301369863014,289.944139726027,299.168784313725,"phil"
43,302.34,302.79,301.89,2,2075-06-15,2075-06-14,164,6,2,1,0,0,0,0,0,300.6204,0.901095890410959,0.915890410958904,0.884109589041096,289.944139726027,299.168784313725,"phil"
44,302.246,303.92,300.83,10,2075-06-27,2075-06-18,168,6,10,2,0,0,0,0,0,300.6204,0.898630136986301,0.956712328767123,0.831232876712329,289.944139726027,299.168784313725,"phil"
45,302.878,305.96,300.86,30,2075-08-02,2075-07-04,184,7,30,19,1,0,1,0,0,300.6204,0.917534246575342,0.991232876712329,0.834246575342466,289.944139726027,299.168784313725,"phil"
46,303.901428571429,308.82,301.06,28,2075-08-31,2075-08-04,215,8,28,20,5,1,4,3,0,300.6204,0.955616438356164,1,0.841095890410959,289.944139726027,299.168784313725,"phil"
47,303.305,303.4,303.21,2,2075-09-04,2075-09-03,245,9,2,2,0,0,0,0,0,300.6204,0.937808219178082,0.941917808219178,0.934520547945205,289.944139726027,299.168784313725,"phil"
48,300.925,301.02,300.83,2,2075-09-07,2075-09-06,248,9,2,0,0,0,0,0,0,300.6204,0.835616438356164,0.84,0.831232876712329,289.944139726027,299.168784313725,"phil"
49,302.269,303.89,301.52,10,2075-09-19,2075-09-10,252,9,10,2,0,0,0,0,0,300.6204,0.899452054794521,0.955342465753425,0.863835616438356,289.944139726027,299.168784313725,"phil"
50,301.44,302.25,300.79,3,2076-05-25,2076-05-23,143,5,3,0,0,0,0,0,1,300.6204,0.859452054794521,0.899178082191781,0.829041095890411,289.944139726027,299.168784313725,"phil"
51,301.99375,302.94,301.33,8,2076-06-22,2076-06-15,166,6,8,1,0,0,0,0,0,300.6204,0.887945205479452,0.923013698630137,0.854520547945205,289.944139726027,299.168784313725,"phil"
52,303.96,306.51,300.93,24,2076-07-20,2076-06-27,178,6,24,18,7,0,4,0,0,300.6204,0.958082191780822,0.994794520547945,0.835890410958904,289.944139726027,299.168784313725,"phil"
53,301.885,302.75,301.02,2,2076-07-26,2076-07-25,206,7,2,1,0,0,0,0,0,300.6204,0.882739726027397,0.914520547945205,0.84,289.944139726027,299.168784313725,"phil"
54,302.611666666667,304.25,300.96,6,2076-08-04,2076-07-30,211,7,6,3,0,0,0,0,0,300.6204,0.909315068493151,0.965479452054795,0.837260273972603,289.944139726027,299.168784313725,"phil"
55,303.765555555556,306.82,300.83,9,2076-08-14,2076-08-06,218,8,9,7,1,0,1,1,0,300.6204,0.950958904109589,0.996986301369863,0.831232876712329,289.944139726027,299.168784313725,"phil"
56,303.984,306.74,301.2,5,2076-08-20,2076-08-16,228,8,5,3,1,0,1,1,0,300.6204,0.958356164383562,0.996164383561644,0.847671232876712,289.944139726027,299.168784313725,"phil"
57,302.96,304.76,301.48,4,2076-08-29,2076-08-26,238,8,4,2,0,0,0,0,0,300.6204,0.923835616438356,0.976164383561644,0.861095890410959,289.944139726027,299.168784313725,"phil"
58,301.56875,302.6,300.68,8,2076-09-12,2076-09-05,248,9,8,0,0,0,0,0,0,300.6204,0.866027397260274,0.908493150684932,0.824931506849315,289.944139726027,299.168784313725,"phil"
59,300.77,300.85,300.69,2,2076-09-15,2076-09-14,257,9,2,0,0,0,0,0,0,300.6204,0.828493150684931,0.832602739726027,0.825479452054795,289.944139726027,299.168784313725,"phil"
60,302.67,304.16,301.1,4,2077-07-02,2077-06-29,179,6,4,2,0,0,0,0,1,300.6204,0.912054794520548,0.963561643835616,0.842465753424658,289.944139726027,299.168784313725,"phil"
61,303.195,303.88,302.19,4,2077-07-12,2077-07-09,189,7,4,3,0,0,0,0,0,300.6204,0.933150684931507,0.955068493150685,0.896438356164384,289.944139726027,299.168784313725,"phil"
62,303.641739130435,307.07,301.78,23,2077-08-08,2077-07-17,197,7,23,18,4,0,3,2,0,300.6204,0.948219178082192,0.998904109589041,0.877260273972603,289.944139726027,299.168784313725,"phil"
63,303.073125,305.94,300.98,16,2077-08-26,2077-08-11,222,8,16,10,2,0,1,0,0,300.6204,0.928219178082192,0.99041095890411,0.838082191780822,289.944139726027,299.168784313725,"phil"
64,302.435,303.94,301.15,6,2077-09-02,2077-08-28,239,8,6,3,0,0,0,0,0,300.6204,0.904109589041096,0.957534246575342,0.844931506849315,289.944139726027,299.168784313725,"phil"
65,300.84,301.05,300.63,2,2078-06-23,2078-06-22,172,6,2,0,0,0,0,0,1,300.6204,0.831232876712329,0.840547945205479,0.823013698630137,289.944139726027,299.168784313725,"phil"
66,303.03,304.76,300.7,3,2078-07-02,2078-06-30,180,6,3,2,0,0,0,0,0,300.6204,0.926575342465753,0.976164383561644,0.826301369863014,289.944139726027,299.168784313725,"phil"
67,301.9025,302.48,301.36,4,2078-07-11,2078-07-08,188,7,4,0,0,0,0,0,0,300.6204,0.884657534246575,0.905205479452055,0.856164383561644,289.944139726027,299.168784313725,"phil"
68,301.915,302.92,300.91,2,2078-07-15,2078-07-14,194,7,2,1,0,0,0,0,0,300.6204,0.885479452054795,0.921643835616438,0.835616438356164,289.944139726027,299.168784313725,"phil"
69,302.133333333333,302.73,301.79,3,2078-07-20,2078-07-18,198,7,3,1,0,0,0,0,0,300.6204,0.894246575342466,0.913698630136986,0.877534246575343,289.944139726027,299.168784313725,"phil"
70,302.588,304.5,301.18,5,2078-07-26,2078-07-22,202,7,5,2,0,0,0,0,0,300.6204,0.907397260273973,0.971506849315068,0.845753424657534,289.944139726027,299.168784313725,"phil"
71,303.086923076923,305.54,301.59,13,2078-08-09,2078-07-28,208,7,13,8,1,0,0,0,0,300.6204,0.928767123287671,0.984931506849315,0.868219178082192,289.944139726027,299.168784313725,"phil"
72,301.968333333333,303.06,300.7,6,2078-08-18,2078-08-13,224,8,6,2,0,0,0,0,0,300.6204,0.886849315068493,0.927671232876712,0.826301369863014,289.944139726027,299.168784313725,"phil"
73,301.09,301.94,300.63,6,2078-08-28,2078-08-23,234,8,6,0,0,0,0,0,0,300.6204,0.842191780821918,0.886301369863014,0.823013698630137,289.944139726027,299.168784313725,"phil"
74,301.826666666667,303.82,300.88,6,2078-09-04,2078-08-30,241,8,6,1,0,0,0,0,0,300.6204,0.878356164383562,0.953424657534247,0.835068493150685,289.944139726027,299.168784313725,"phil"
75,300.97,301.09,300.85,2,2078-09-10,2078-09-09,251,9,2,0,0,0,0,0,0,300.6204,0.837534246575342,0.842191780821918,0.832602739726027,289.944139726027,299.168784313725,"phil"
76,301.935,302.67,301.32,4,2079-06-02,2079-05-30,149,5,4,1,0,0,0,0,1,300.6204,0.886027397260274,0.912054794520548,0.853972602739726,289.944139726027,299.168784313725,"phil"
77,301.296666666667,302.3,300.74,3,2079-06-09,2079-06-07,157,6,3,0,0,0,0,0,0,300.6204,0.850958904109589,0.90027397260274,0.828219178082192,289.944139726027,299.168784313725,"phil"
78,302.45,303.18,301.72,2,2079-06-27,2079-06-26,176,6,2,1,0,0,0,0,0,300.6204,0.904383561643836,0.932602739726027,0.875616438356164,289.944139726027,299.168784313725,"phil"
79,301.33,301.46,301.2,2,2079-07-01,2079-06-30,180,6,2,0,0,0,0,0,0,300.6204,0.854520547945205,0.86027397260274,0.847671232876712,289.944139726027,299.168784313725,"phil"
80,304.645813953488,307.87,300.73,43,2079-08-14,2079-07-03,183,7,43,34,20,0,12,8,0,300.6204,0.973150684931507,0.99972602739726,0.827671232876712,289.944139726027,299.168784313725,"phil"
81,301.735,302.61,300.86,2,2079-08-18,2079-08-17,228,8,2,1,0,0,0,0,0,300.6204,0.875890410958904,0.909315068493151,0.834246575342466,289.944139726027,299.168784313725,"phil"
82,302.258571428571,304.46,301.22,7,2079-08-26,2079-08-20,231,8,7,2,0,0,0,0,0,300.6204,0.899178082191781,0.96986301369863,0.848767123287671,289.944139726027,299.168784313725,"phil"
83,301.4,302.87,300.63,6,2079-09-02,2079-08-28,239,8,6,1,0,0,0,0,0,300.6204,0.857534246575342,0.917534246575342,0.823013698630137,289.944139726027,299.168784313725,"phil"
1,302.364285714286,304.57,300.5,7,2070-06-20,2070-06-14,164,6,7,3,0,0,0,0,1,300.3104,0.926027397260274,0.981917808219178,0.838630136986301,290.172304109589,298.704522875817,"prov"
2,300.805,300.98,300.63,2,2070-07-01,2070-06-30,180,6,2,0,0,0,0,0,0,300.3104,0.85041095890411,0.861917808219178,0.844931506849315,290.172304109589,298.704522875817,"prov"
3,300.506666666667,300.7,300.33,3,2070-07-08,2070-07-06,186,7,3,0,0,0,0,0,0,300.3104,0.838630136986301,0.847123287671233,0.828493150684931,290.172304109589,298.704522875817,"prov"
4,302.130714285714,304.17,300.75,14,2070-07-23,2070-07-10,190,7,14,4,0,0,0,0,0,300.3104,0.914520547945205,0.976986301369863,0.849315068493151,290.172304109589,298.704522875817,"prov"
5,302.573636363636,304.15,301.66,11,2070-08-04,2070-07-25,205,7,11,4,0,0,0,0,0,300.3104,0.933424657534247,0.976438356164384,0.889315068493151,290.172304109589,298.704522875817,"prov"
6,301.95,302.63,300.92,4,2070-08-09,2070-08-06,217,8,4,1,0,0,0,0,0,300.3104,0.904383561643836,0.935342465753425,0.856712328767123,290.172304109589,298.704522875817,"prov"
7,302.96,302.96,302.96,2,2070-08-12,2070-08-11,222,8,2,2,0,0,0,0,0,300.3104,0.947123287671233,0.947123287671233,0.947123287671233,290.172304109589,298.704522875817,"prov"
8,301.63,303,300.5,6,2070-08-25,2070-08-20,231,8,6,2,0,0,0,0,0,300.3104,0.888219178082192,0.948219178082192,0.838630136986301,290.172304109589,298.704522875817,"prov"
9,302.069166666667,304.74,300.41,12,2071-07-01,2071-06-20,170,6,12,5,0,0,0,0,1,300.3104,0.910684931506849,0.983287671232877,0.832876712328767,290.172304109589,298.704522875817,"prov"
10,302.148235294118,304.27,300.44,17,2071-07-26,2071-07-10,190,7,17,5,0,0,0,0,0,300.3104,0.914794520547945,0.978082191780822,0.834794520547945,290.172304109589,298.704522875817,"prov"
11,304.268823529412,306.64,300.39,17,2071-08-14,2071-07-29,209,7,17,15,3,0,4,2,0,300.3104,0.977808219178082,0.998356164383562,0.831780821917808,290.172304109589,298.704522875817,"prov"
12,300.89,301.26,300.52,2,2071-08-19,2071-08-18,229,8,2,0,0,0,0,0,0,300.3104,0.854794520547945,0.872602739726027,0.84,290.172304109589,298.704522875817,"prov"
13,302.64,304.3,301.41,8,2071-08-28,2071-08-21,232,8,8,4,0,0,0,0,0,300.3104,0.935342465753425,0.978630136986301,0.878082191780822,290.172304109589,298.704522875817,"prov"
14,301.065,301.78,300.35,2,2072-06-24,2072-06-23,174,6,2,0,0,0,0,0,1,300.3104,0.865205479452055,0.895890410958904,0.829315068493151,290.172304109589,298.704522875817,"prov"
15,301.063333333333,301.44,300.73,3,2072-06-29,2072-06-27,178,6,3,0,0,0,0,0,0,300.3104,0.865205479452055,0.87972602739726,0.848219178082192,290.172304109589,298.704522875817,"prov"
16,302.183333333333,302.91,301.73,3,2072-07-04,2072-07-02,183,7,3,1,0,0,0,0,0,300.3104,0.916986301369863,0.944383561643836,0.893424657534247,290.172304109589,298.704522875817,"prov"
17,301.365,302.35,300.38,2,2072-07-07,2072-07-06,187,7,2,0,0,0,0,0,0,300.3104,0.876986301369863,0.925479452054795,0.831232876712329,290.172304109589,298.704522875817,"prov"
18,301.895384615385,303.23,300.6,13,2072-07-26,2072-07-14,195,7,13,3,0,0,0,0,0,300.3104,0.901917808219178,0.956438356164384,0.844109589041096,290.172304109589,298.704522875817,"prov"
19,301.684444444444,303.21,300.6,9,2072-08-07,2072-07-30,211,7,9,2,0,0,0,0,0,300.3104,0.890684931506849,0.955890410958904,0.844109589041096,290.172304109589,298.704522875817,"prov"
20,302.021428571429,303.09,300.46,7,2072-08-16,2072-08-10,222,8,7,2,0,0,0,0,0,300.3104,0.909041095890411,0.952328767123288,0.835616438356164,290.172304109589,298.704522875817,"prov"
21,302.1375,302.89,300.81,8,2072-08-31,2072-08-24,236,8,8,2,0,0,0,0,0,300.3104,0.914520547945205,0.943561643835616,0.850684931506849,290.172304109589,298.704522875817,"prov"
22,301.216666666667,302.59,300.34,3,2073-06-10,2073-06-08,158,6,3,0,0,0,0,0,1,300.3104,0.870958904109589,0.934520547945205,0.828767123287671,290.172304109589,298.704522875817,"prov"
23,300.885,300.89,300.88,2,2073-06-14,2073-06-13,163,6,2,0,0,0,0,0,0,300.3104,0.854246575342466,0.854794520547945,0.854246575342466,290.172304109589,298.704522875817,"prov"
24,301.574,302.7,300.39,5,2073-06-30,2073-06-26,176,6,5,2,0,0,0,0,0,300.3104,0.886027397260274,0.938356164383562,0.831780821917808,290.172304109589,298.704522875817,"prov"
25,302.594545454545,305.68,300.48,11,2073-07-13,2073-07-03,183,7,11,5,1,0,1,0,0,300.3104,0.934520547945205,0.993424657534247,0.837260273972603,290.172304109589,298.704522875817,"prov"
26,302.8628125,306.17,300.36,32,2073-08-16,2073-07-16,196,7,32,19,2,0,2,1,0,300.3104,0.941917808219178,0.996164383561644,0.83041095890411,290.172304109589,298.704522875817,"prov"
27,301.115,301.51,300.65,4,2073-08-21,2073-08-18,229,8,4,0,0,0,0,0,0,300.3104,0.867671232876712,0.883287671232877,0.845753424657534,290.172304109589,298.704522875817,"prov"
28,300.445,300.47,300.42,2,2073-08-25,2073-08-24,235,8,2,0,0,0,0,0,0,300.3104,0.834794520547945,0.836712328767123,0.833698630136986,290.172304109589,298.704522875817,"prov"
29,301.6075,302.43,300.47,4,2073-09-05,2073-09-02,244,9,4,0,0,0,0,0,0,300.3104,0.887123287671233,0.928493150684932,0.836712328767123,290.172304109589,298.704522875817,"prov"
30,301.448,302.07,300.41,5,2073-09-11,2073-09-07,249,9,5,0,0,0,0,0,0,300.3104,0.87972602739726,0.910958904109589,0.832876712328767,290.172304109589,298.704522875817,"prov"
31,301.54,302.15,300.75,3,2074-06-24,2074-06-22,172,6,3,0,0,0,0,0,1,300.3104,0.884657534246575,0.915068493150685,0.849315068493151,290.172304109589,298.704522875817,"prov"
32,302.576363636364,304.82,300.67,11,2074-07-07,2074-06-27,177,6,11,6,0,0,0,0,0,300.3104,0.933424657534247,0.985205479452055,0.846575342465753,290.172304109589,298.704522875817,"prov"
33,300.693333333333,301.19,300.32,3,2074-07-16,2074-07-14,194,7,3,0,0,0,0,0,0,300.3104,0.846849315068493,0.870684931506849,0.827945205479452,290.172304109589,298.704522875817,"prov"
34,304.226111111111,307.48,301.74,18,2074-08-04,2074-07-18,198,7,18,13,4,0,6,3,0,300.3104,0.977260273972603,1,0.893972602739726,290.172304109589,298.704522875817,"prov"
35,303.601904761905,307.05,300.92,21,2074-08-27,2074-08-07,218,8,21,14,5,0,5,3,0,300.3104,0.966027397260274,0.99972602739726,0.856712328767123,290.172304109589,298.704522875817,"prov"
36,301.756,303.58,300.52,5,2074-09-03,2074-08-30,241,8,5,1,0,0,0,0,0,300.3104,0.894520547945206,0.966027397260274,0.84,290.172304109589,298.704522875817,"prov"
37,302.752,305.16,300.94,10,2074-09-15,2074-09-06,248,9,10,4,0,0,0,0,0,300.3104,0.93972602739726,0.989315068493151,0.858082191780822,290.172304109589,298.704522875817,"prov"
38,301.32,301.84,300.8,2,2075-06-16,2075-06-15,165,6,2,0,0,0,0,0,1,300.3104,0.875616438356164,0.899452054794521,0.85041095890411,290.172304109589,298.704522875817,"prov"
39,301.423333333333,302.27,300.56,3,2075-06-20,2075-06-18,168,6,3,0,0,0,0,0,0,300.3104,0.878630136986301,0.920547945205479,0.841643835616438,290.172304109589,298.704522875817,"prov"
40,302.618333333333,304.18,300.94,6,2075-06-27,2075-06-22,172,6,6,4,0,0,0,0,0,300.3104,0.934794520547945,0.977260273972603,0.858082191780822,290.172304109589,298.704522875817,"prov"
41,301.995,303.29,300.54,6,2075-07-10,2075-07-05,185,7,6,1,0,0,0,0,0,300.3104,0.907397260273973,0.958356164383562,0.840821917808219,290.172304109589,298.704522875817,"prov"
42,302.811176470588,306.49,300.43,51,2075-08-31,2075-07-12,192,7,51,28,3,0,3,1,0,300.3104,0.940821917808219,0.997808219178082,0.833972602739726,290.172304109589,298.704522875817,"prov"
43,300.89,301.29,300.49,2,2075-09-04,2075-09-03,245,9,2,0,0,0,0,0,0,300.3104,0.854794520547945,0.875068493150685,0.838082191780822,290.172304109589,298.704522875817,"prov"
44,301.966,304.17,300.87,5,2075-09-10,2075-09-06,248,9,5,1,0,0,0,0,0,300.3104,0.904931506849315,0.976986301369863,0.853150684931507,290.172304109589,298.704522875817,"prov"
45,301.351428571429,302.36,300.51,7,2075-09-19,2075-09-13,255,9,7,0,0,0,0,0,0,300.3104,0.875890410958904,0.926027397260274,0.839178082191781,290.172304109589,298.704522875817,"prov"
46,301.8,301.91,301.69,2,2076-05-25,2076-05-24,144,5,2,0,0,0,0,0,1,300.3104,0.897260273972603,0.903287671232877,0.890958904109589,290.172304109589,298.704522875817,"prov"
47,301.78625,302.26,300.9,8,2076-06-22,2076-06-15,166,6,8,0,0,0,0,0,0,300.3104,0.895890410958904,0.92027397260274,0.855616438356164,290.172304109589,298.704522875817,"prov"
48,303.490869565217,306.53,300.56,23,2076-07-19,2076-06-27,178,6,23,15,2,0,3,2,0,300.3104,0.963835616438356,0.998082191780822,0.841643835616438,290.172304109589,298.704522875817,"prov"
49,301.62,303.27,300.33,5,2076-07-26,2076-07-22,203,7,5,1,0,0,0,0,0,300.3104,0.887671232876712,0.957808219178082,0.828493150684931,290.172304109589,298.704522875817,"prov"
50,302.537391304348,306.1,300.53,23,2076-08-20,2076-07-29,210,7,23,9,2,0,3,1,0,300.3104,0.932328767123288,0.995068493150685,0.84027397260274,290.172304109589,298.704522875817,"prov"
51,301.54,302.34,300.74,2,2076-08-27,2076-08-26,238,8,2,0,0,0,0,0,0,300.3104,0.884109589041096,0.924383561643836,0.848767123287671,290.172304109589,298.704522875817,"prov"
52,301.395,303.07,300.4,10,2076-09-14,2076-09-05,248,9,10,1,0,0,0,0,0,300.3104,0.877260273972603,0.951232876712329,0.832328767123288,290.172304109589,298.704522875817,"prov"
53,301.244,302.04,300.35,5,2077-07-02,2077-06-28,178,6,5,0,0,0,0,0,1,300.3104,0.872054794520548,0.91041095890411,0.829315068493151,290.172304109589,298.704522875817,"prov"
54,302.0525,302.91,300.97,4,2077-07-12,2077-07-09,189,7,4,1,0,0,0,0,0,300.3104,0.910684931506849,0.944383561643836,0.861369863013699,290.172304109589,298.704522875817,"prov"
55,302.590416666667,306.15,300.38,24,2077-08-07,2077-07-15,195,7,24,10,2,0,2,1,0,300.3104,0.934520547945205,0.995616438356164,0.831232876712329,290.172304109589,298.704522875817,"prov"
56,302.462142857143,305.37,300.4,14,2077-08-26,2077-08-13,224,8,14,5,0,0,1,0,0,300.3104,0.928493150684932,0.991780821917808,0.832328767123288,290.172304109589,298.704522875817,"prov"
57,302.312,303.34,301.29,5,2077-09-01,2077-08-28,239,8,5,2,0,0,0,0,0,300.3104,0.923013698630137,0.959452054794521,0.875068493150685,290.172304109589,298.704522875817,"prov"
58,301.795,301.85,301.74,2,2078-06-23,2078-06-22,172,6,2,0,0,0,0,0,1,300.3104,0.896438356164384,0.900547945205479,0.893972602739726,290.172304109589,298.704522875817,"prov"
59,302.06,302.3,301.82,2,2078-07-02,2078-07-01,181,7,2,0,0,0,0,0,0,300.3104,0.910684931506849,0.922739726027397,0.898356164383562,290.172304109589,298.704522875817,"prov"
60,301.2125,301.84,300.82,4,2078-07-11,2078-07-08,188,7,4,0,0,0,0,0,0,300.3104,0.870958904109589,0.899452054794521,0.851506849315068,290.172304109589,298.704522875817,"prov"
61,301.47,302.83,300.45,9,2078-07-21,2078-07-13,193,7,9,1,0,0,0,0,0,300.3104,0.881369863013699,0.941643835616438,0.835342465753425,290.172304109589,298.704522875817,"prov"
62,301.403333333333,302.35,300.89,3,2078-07-25,2078-07-23,203,7,3,0,0,0,0,0,0,300.3104,0.877260273972603,0.925479452054795,0.854794520547945,290.172304109589,298.704522875817,"prov"
63,302.072666666667,305.06,300.71,15,2078-08-12,2078-07-29,209,7,15,3,0,0,0,0,0,300.3104,0.910958904109589,0.988219178082192,0.847397260273973,290.172304109589,298.704522875817,"prov"
64,302.72,303.68,302.25,4,2078-08-17,2078-08-14,225,8,4,1,0,0,0,0,0,300.3104,0.938904109589041,0.967945205479452,0.91972602739726,290.172304109589,298.704522875817,"prov"
65,300.875,301.2,300.47,4,2078-08-27,2078-08-24,235,8,4,0,0,0,0,0,0,300.3104,0.853150684931507,0.870958904109589,0.836712328767123,290.172304109589,298.704522875817,"prov"
66,302.112,304.14,301.16,5,2078-09-03,2078-08-30,241,8,5,1,0,0,0,0,0,300.3104,0.912602739726027,0.975616438356164,0.86958904109589,290.172304109589,298.704522875817,"prov"
67,301.635,302.19,301.08,2,2079-06-09,2079-06-08,158,6,2,0,0,0,0,0,1,300.3104,0.888219178082192,0.917808219178082,0.866301369863014,290.172304109589,298.704522875817,"prov"
68,301.435,301.87,301,2,2079-06-27,2079-06-26,176,6,2,0,0,0,0,0,0,300.3104,0.879178082191781,0.901369863013699,0.862465753424658,290.172304109589,298.704522875817,"prov"
69,301.11,301.11,301.11,2,2079-07-01,2079-06-30,180,6,2,0,0,0,0,0,0,300.3104,0.867671232876712,0.867671232876712,0.867671232876712,290.172304109589,298.704522875817,"prov"
70,303.744285714286,306.92,300.92,42,2079-08-13,2079-07-03,183,7,42,34,6,0,7,5,0,300.3104,0.968767123287671,0.999178082191781,0.856712328767123,290.172304109589,298.704522875817,"prov"
71,301.724,302.12,301.14,5,2079-08-21,2079-08-17,228,8,5,0,0,0,0,0,0,300.3104,0.892328767123288,0.913972602739726,0.868767123287671,290.172304109589,298.704522875817,"prov"
72,301.533333333333,302.78,300.36,3,2079-08-26,2079-08-24,235,8,3,1,0,0,0,0,0,300.3104,0.884109589041096,0.940821917808219,0.83041095890411,290.172304109589,298.704522875817,"prov"
73,300.58,300.78,300.38,2,2079-09-03,2079-09-02,244,9,2,0,0,0,0,0,0,300.3104,0.842739726027397,0.84986301369863,0.831232876712329,290.172304109589,298.704522875817,"prov"
