267.6,281.17,285.69
269.33,280.48,285.28
269.29,280.12,285.05
271.35,280.19,284.97
272.97,281.57,285.22
270.43,280.08,284.96
264.46,277.39,284.25
270.77,279.53,284.55
272.18,280.21,284.66
272.19,280.24,284.58
272.4,280.08,284.42
268.47,278.76,284.17
259.69,274.88,283.21
265.99,278.02,283.91
257.83,273.74,282.75
263.03,275.75,282.81
267.93,277.8,283.24
265.09,277.13,283.09
262.58,276.26,282.83
263.52,276.57,282.84
265.96,277.12,282.84
269.19,277.8,283.07
272.32,280.96,283.9
266.44,277.53,283.01
265.08,276.82,282.75
267.06,278.45,282.92
274.39,281,283.61
265.68,277.25,282.77
270.99,278.67,282.8
267.32,279.66,283.54
259.62,273.97,281.74
270.56,279.04,282.92
272.27,279.56,283.08
264.43,276.04,282.07
270.07,278.71,282.75
267.42,277.78,282.6
269.55,278.36,282.57
276.04,281.7,283.39
268.9,278.09,282.44
262.49,275.93,281.99
261.37,275.9,281.86
267.49,278.6,282.53
258.01,274.05,281.59
256.51,272.68,280.83
258.18,273.26,280.75
266.7,275.7,281
268.05,276.49,281.15
264.23,275.53,280.95
257.4,272.69,280.46
258.03,272.84,280.27
264.44,274.93,280.56
266.8,276.81,281
260.69,275.02,280.9
258.81,272.61,279.9
259.3,274.07,280.21
264.2,276.08,280.61
273.86,278.32,280.94
272.67,277.66,280.74
277.5,282.15,281.9
271.65,279.88,281.61
262.88,274.3,280.16
262.5,273.96,279.99
265.72,275.37,280.26
275.95,279.87,281.29
275.88,279.49,281.15
279.18,281.97,281.76
281.16,280.92,281.47
282.43,283.76,282.2
278.76,283.26,282.3
279.27,281.97,281.96
278.93,281.64,281.88
278.02,280.95,281.77
275.01,279.85,281.37
284.76,283.22,281.97
287.47,285.48,282.61
282.48,283.45,282.35
281.61,282.15,282.09
285.55,284.19,282.61
287.37,285.45,282.81
283.29,283.61,282.64
281.96,283.21,282.65
278.83,281.83,282.39
286.13,284.88,283
286.83,286.26,283.44
285.59,285.71,283.4
283.5,284.57,283.12
285.88,285.68,283.6
286.9,286.65,283.97
288.37,287.05,284.08
283.26,285.19,283.9
282.16,284.41,283.69
284.01,284.95,283.94
290.11,287.49,284.18
286.05,285.88,283.8
282.88,284.73,283.74
286.21,285.16,283.78
278.93,283.61,283.92
274.28,281.9,283.49
280.1,283.15,283.58
285.95,286.6,284.47
276.78,282.83,283.89
278.43,282.77,283.86
278.04,283.02,283.93
279.7,283.42,284.04
279.41,283.73,284.05
281.69,283.82,284.13
276.63,282.72,284.03
272.48,280.43,283.29
273.66,280.74,283.49
273.55,281.3,283.68
276.4,281.36,283.57
279.76,283.2,283.9
285.47,285.85,284.27
285.99,286.01,284.07
286.83,285.98,284.04
283.44,284.65,284.02
285.98,285.04,283.99
288.94,287.54,284.66
282.98,284.49,284.28
283.61,285.09,284.45
282.15,284.75,284.67
284.74,285.68,284.83
286.84,286.4,285.22
289.29,286.81,285.22
288.73,285.85,285.21
291,286.76,285.69
293.34,288.22,285.73
295.43,291.09,286.36
294.39,290.55,286.81
291.69,289.94,287.08
288.74,288.74,287.04
292.53,289.55,287.27
294.31,291,287.9
299.26,292.72,288.37
296.48,292.39,288.77
296.48,291.33,288.73
300.06,293.53,289.18
298.32,294.16,289.95
294.12,293.45,289.97
288.78,290.67,289.7
287.61,290.17,289.77
283.72,289.19,289.67
284.62,288.78,289.37
288.11,290.86,289.15
283.09,287.69,288.33
284.03,287.31,288.33
286.67,288.29,288.3
289.08,289.69,288.56
287.86,289.3,288.44
287.91,288.91,288.41
293.96,291.18,288.96
290.33,289.83,288.49
289.34,289.23,288.28
289.25,290.05,288.78
288.71,290.87,289.14
288.11,290.86,289.45
290.75,290.87,289.62
284.81,289.63,289.9
282.98,288.08,289.59
286.45,289.34,289.89
294.66,292.36,290.24
300.41,294.59,290.78
299.82,295.3,291.03
292.85,292.14,290.71
292.77,291.95,290.92
297.54,293.36,291.16
300.96,295.7,291.85
299.12,293.98,291.64
295.87,294.93,292.4
288.07,291.25,291.81
290.37,291.77,292.02
290.31,292.8,291.97
287.75,291.02,291.15
290.76,291.75,291.27
290.25,291.94,291.32
289.58,290.83,290.99
289.45,292.04,291.44
285.6,289.68,290.95
285.95,290.22,291.08
287.98,289.73,290.41
288.69,290.46,290.25
288.62,290.89,290.48
291.49,291.74,290.68
293.34,292.55,290.97
296.06,293.72,291.47
300.78,295.85,292.16
305.26,296.61,292.42
302.95,296.4,292.67
302.85,296.8,293.07
303.03,297.91,293.73
302.62,298.56,294.23
301.84,298.07,294.51
300.22,297.57,294.78
297.4,296.35,294.93
295.35,296.12,294.97
296.79,295.56,295.03
298.51,297.11,295.2
296.2,296.04,295.04
299.47,296.83,295.21
298.86,296.5,295.4
296.17,295.78,295.42
298.64,296.2,295.54
297.13,297.16,295.38
294.64,295.46,294.79
294.85,295.19,294.82
298.9,296.76,295.22
301.61,297.44,295.59
305.01,299.01,295.88
300.15,297.61,296.45
296.9,296.46,296.34
305,299.18,296.65
307.92,302.18,297.38
308.36,301.66,296.97
306.3,301.61,297.08
303.89,300.04,297.11
306.32,301.61,297.3
297.31,299.13,297.68
293.95,297.34,297.51
296.61,298.82,297.73
296.83,298.65,297.5
297.91,298.24,297.27
300.5,298.95,297.4
303.14,300.2,297.71
298.31,299.59,297.81
299.5,299.01,297.82
296.92,298.91,297.88
292.92,296.85,297.25
295.7,297.58,297.01
296.93,297.15,296.87
298.06,296.45,296.38
302.68,299.42,296.62
297.08,297.34,296.39
294.45,296.08,296.05
297.93,296.93,296.07
296.42,297.2,296.1
293.81,295.56,295.51
296.31,296.06,295.31
299.88,297.61,295.49
299.64,298.68,295.92
293.54,295.63,295.8
292.17,295.14,295.69
292.33,295.14,295.74
292.33,295.04,295.59
294.84,295.97,295.71
292.69,294.86,295.45
291.73,294.59,295.32
292.45,294.24,295.25
299.53,297.5,295.52
297.63,295.73,294.89
301.01,297.74,295.09
304.24,299.63,295.75
301.99,298.77,295.81
296.68,296.63,295.56
289.42,293.48,295.04
285.61,291.89,294.63
286.11,291.52,294.32
294.44,293.84,294.02
293.24,294.62,294.25
286.77,291.18,293.09
283.88,290.18,292.58
283.86,289.97,292.27
288.03,289.96,292.21
287.89,292.82,292.8
281.45,289.76,292.26
284.22,289.98,292.14
283.31,289.42,291.91
285.22,289.21,291.78
288.57,290.13,291.7
294.29,293.43,292.34
293,293.99,292.66
288.03,292.14,292.47
289.39,291.08,292.22
293.68,292.85,292.46
295.22,294.51,293.02
296.11,294.38,292.88
294.2,293.65,292.77
287.99,291.79,292.67
286.32,290.79,292.51
287.94,291.83,292.75
289.79,292.05,292.6
291,292.67,292.49
292.67,293.01,292.51
294.06,293.61,292.69
288.9,292.54,292.72
284.33,290.61,292.45
287.1,291.13,292.5
287.33,292.37,292.84
283.76,290.44,292.42
283.82,290.07,292.21
283.43,289.51,292.04
286.38,290.34,291.73
290.5,292.3,291.96
284,290.61,291.99
286.06,290.33,291.64
286.03,290.09,291.7
286.03,290.68,291.8
279.01,287.79,291.27
284.21,289.39,291.53
285.2,290.43,291.63
283.17,289.54,291.31
285.87,290.72,291.47
280.07,288.93,291.26
276.75,286.49,290.42
280.1,287.61,290.63
287.26,289.97,290.93
289.8,290.58,290.83
285.77,289.42,290.66
286.4,288.72,290.31
290.17,291.78,291.11
278.23,286.66,289.98
279.35,287.3,290.25
274.86,285.27,289.71
276.74,286.08,289.82
273.33,284.61,289.44
280.49,286.8,289.74
288.59,289.52,290.01
287.33,289.03,289.75
286.23,289.1,289.94
283.09,288.4,289.95
285.31,288.98,289.96
283.84,288.56,289.91
279.75,285.71,289.01
286.02,288.85,289.57
281.2,287.04,289.45
278.82,285.8,289.06
275.87,284.65,288.85
274.14,284.13,288.67
275.63,284.88,288.84
274.52,283.87,288.46
274.58,284.2,288.52
270.84,282.32,287.96
273.48,283.31,287.85
274.92,285.55,288.71
269.72,281.56,287.56
272.15,282.06,287.44
261.29,279.16,287.09
262.83,278.47,286.55
268.21,281.2,286.89
277.31,285.38,287.44
277.81,285.77,287.79
286.14,287.56,287.85
279.32,285.76,287.66
274.78,282.76,286.88
267.92,280.36,286.39
265.34,278.69,285.93
272.54,281.98,286.58
276.11,283.26,286.76
285.87,287.78,287.56
281.13,286.18,287.29
267.78,280.07,285.99
263.33,278.46,285.57
266.99,279.21,285.75
272.39,282.32,286.44
266.74,279.23,285.55
263.35,277.31,284.86
268.16,279.01,285.09
273.42,281.6,285.76
274.3,281.23,285.57
275.83,282.83,285.77
271.81,280.46,285.04
271.73,280.62,284.97
271.89,281.52,285.32
273.95,282.23,285.14
273.96,282.31,285.38
265.12,278.34,284.46
259.54,275.4,283.55
266.99,278.16,284.06
276.67,283.05,285
274.96,283.2,285.36
272.75,282.06,285.16
269.57,279.44,284.31
271.56,280.33,284.4
264.48,279.01,284.44
258.94,275.13,283.09
271.35,280.77,284.53
257.32,276.26,283.76
255.33,274.09,282.87
266.12,277.53,283.44
275.25,281.31,284.16
277.12,282.05,284.53
281.74,283.47,284.43
278.82,281.64,284.08
276.46,280.89,283.8
281.95,283.76,284.48
279.03,283.78,284.65
285.66,285.91,285.01
276.07,283.6,284.79
266.54,277.4,283.24
272.77,279.59,283.73
276.45,281.98,284.24
272.37,279.48,283.48
273.14,279.44,283.31
266.48,277.3,283.01
259.95,275.52,282.72
264.35,277.36,283.03
264.2,277.48,282.93
262.36,277.88,282.87
274.71,280.75,283.01
267.4,277.8,282.56
268.03,277.63,282.31
267.25,276.76,281.91
273.68,280.11,282.78
273.5,280.03,282.88
266.02,277.26,282.28
258.28,273.99,281.4
270.82,278.63,282.32
276.68,281.76,283.1
271.13,279.06,282.45
270.61,278.42,282.02
274.2,280.2,282.68
266.4,276.46,281.73
272.62,279.13,282.14
274.98,280.62,282.68
265.75,276.38,281.53
264.87,276.13,281.5
267.81,277.33,281.72
273.44,279.68,282.16
278.23,281.65,282.76
285.11,285.72,283.46
266.88,277.7,281.99
264.75,275.45,281.27
272.41,278.62,281.81
273.68,280.99,282.69
269.95,278.46,281.79
272.52,279.5,282.19
265.43,277.14,281.67
262.86,276.4,281.42
264.06,277.11,281.46
272.66,279.76,281.91
273.59,280.91,282.41
270.79,278.89,281.75
280.49,282.96,282.62
279.52,283.43,282.9
273.64,279.85,282.02
275.46,280.21,281.94
280.27,283.15,282.68
276.39,282.59,282.99
275.26,281.74,282.72
270.72,279.01,282.26
270.52,277.93,281.74
277.03,281.34,282.42
276.56,280.88,282.33
278.33,282.13,282.67
281.63,283.66,283.04
287.18,285.67,283.38
278.47,282.85,283.01
278.39,281.73,282.58
281.43,284.15,283.36
281.19,283.44,283.27
272.7,280.06,282.66
271.12,279.03,282.36
270.83,279,282.13
269.53,278.57,282.05
270.54,278.78,281.99
273.93,279.98,282.25
277.77,281.46,282.48
284.75,285.15,283.34
280.18,283.51,283.13
273.21,279.58,282.2
271.84,279.19,282.15
274.31,280.73,282.35
273.9,281.12,282.33
281.96,282.34,282.09
280.8,283.02,282.56
279,282.1,282.27
278.45,281.82,282.29
277.95,281.7,282.26
279.45,282.58,282.4
281.88,282.86,282.55
284.88,284.05,282.67
282.27,284.65,283.13
280.69,283.64,283.35
281.03,283.31,283.27
282.25,283.51,283.1
284.67,284.13,283.11
282.76,283.86,283.1
281.95,283.11,282.87
279.51,282.47,282.8
280.88,283.17,283.04
283.36,284.48,283.39
285.45,285.27,283.65
288.09,286.26,284.05
289.33,286.92,284.45
289.98,287.75,284.96
292.18,288.49,285.32
293.44,289.99,286.06
290.84,289.21,286.19
287.05,287.74,286.19
289.16,288.65,286.28
288.31,288.07,286.16
287.29,288.1,286.31
286.59,286.89,286.08
287.7,286.94,286.04
289.24,288.62,286.25
288.39,288.38,286.46
292.03,288.45,286.25
293.77,290.84,286.72
291.63,291.37,287.51
288.58,290.15,287.7
285.42,288.74,287.67
284.49,287.95,287.73
284.1,288.37,287.95
288.14,289.7,288.35
287.53,289.52,288.46
289.81,290.38,288.51
285.25,287.39,287.56
291.19,290.3,288.14
295.51,291.72,288.02
296.13,292.65,288.65
298.99,294.2,289.12
288.51,290.11,288.76
283.8,288.29,288.84
290.14,291.22,289.16
294.66,291.81,289.13
298.43,294.69,289.8
298.46,294.17,290.02
299.98,294.84,290.54
301.1,296.29,291.27
290.25,291.85,290.91
288.41,290.86,290.7
289.68,292.77,291.1
287.98,291.5,290.87
285.1,289.74,290.48
287.69,290.08,290.35
285.77,290.42,290.55
289.75,291.23,290.52
297.02,293.58,290.95
297.74,294.42,291.46
295.87,294.4,291.55
291.08,292.45,291.41
289.71,291.61,291.57
293.92,293.3,292.11
300.18,295.47,292.34
296.57,295.45,292.74
299.72,295.72,292.98
298.28,296.47,293.57
295.08,294.52,293.35
293.8,294.28,293.55
294.98,294.52,293.75
302.39,298.4,294.54
300.42,296.69,294.23
301.3,297.5,293.85
300.33,297.39,293.96
305.44,298.79,294.32
302.1,297.57,294.4
306.18,299.47,294.78
300.53,297.5,294.94
295.78,295.29,294.54
299.37,296.55,294.86
303.09,299.07,295.15
301.97,297.44,294.21
302.48,297.83,294.47
301.37,296.98,294.46
302.42,297.68,294.82
306.4,300.35,295.67
306.73,301.4,296.28
306.61,301.18,296.49
307.69,301.81,296.64
305.84,302.26,297.13
302.25,300.64,297.1
298.54,298.71,296.8
298.02,297.91,296.72
298.34,299.27,297.3
292.95,296.68,296.74
292.08,296.72,296.71
294.78,296.93,296.78
300.78,299.23,296.79
301.21,298.93,296.7
295.94,297.07,296.46
296,297.07,296.36
295.51,297.34,296.76
294.8,296.95,296.4
292.73,296.36,295.96
294.02,296.85,296.06
296.1,297.28,296.18
299.26,298,296.14
299.45,298.63,296.32
290.54,295.11,295.82
290.41,294.37,295.72
294.65,296.15,295.7
294.49,295.73,295.54
293.26,295.41,295.51
294.28,295.72,295.53
294.53,295.82,295.58
293.94,295.84,295.82
295.82,297.01,296.25
295.58,297.1,296.52
295.5,297.26,296.54
297.68,297.75,296.75
297.39,297.25,296.73
300.61,298.49,297.1
297.34,297.77,297.14
294.28,296.31,296.69
294.76,296.27,296.65
302.18,298.41,296.94
303.54,300.41,297.51
302.39,299.29,297.03
302.56,299.97,297.04
300.73,298.43,296.86
302.92,299.25,297.06
304.46,301.13,297.91
303.3,301.92,298.37
299.31,300.24,298.15
292.27,296.64,297.67
289.19,295.46,297.5
288.89,295.08,297.38
291.97,295.92,297.31
290.8,296.25,297.15
285.17,293.17,296.02
285.33,292.05,295.82
295.63,297.36,296.43
289.89,294.63,295.58
287.17,293.17,295.02
291.08,294,295.12
293.96,295.47,295.48
295.61,296.39,295.69
296.11,296.48,295.91
293.62,295.13,295.78
291.08,294.41,295.71
291.26,293.63,295.49
292.95,294.37,295.36
295.17,295.11,295.15
296.55,295.96,295.2
296.57,296.49,295.38
293.53,295.74,295.71
290.23,294.4,295.41
290.32,293.33,295.27
294.93,295.26,295.24
297.09,296.82,295.53
297.06,295.65,295.18
300.41,297.69,295.51
296.4,297.31,295.86
289.2,293.23,295.04
293.55,295.56,295.63
297.65,297.32,295.78
292.1,294.04,294.84
298.82,297.03,295.52
299.05,296.68,295.37
291.6,294.13,294.9
283.77,291.06,294.25
284.82,291.21,294.16
289.79,293.37,294.26
290.78,294.65,294.36
289.88,294.19,294.2
290.71,294.18,294.02
291.97,293.95,293.86
291.72,293.63,293.78
291.47,293.78,294.08
293.15,294.59,294.37
293.87,294.87,294.46
295.26,295.4,294.44
287.16,293.4,294.47
279.22,289.03,293.39
278.65,289.1,293.28
286.74,291.99,293.35
291.24,293.86,293.45
285.25,291.12,292.86
287.51,291.5,292.68
287.05,292.68,293.16
278.66,288.14,292
280.53,288.52,292.05
280.63,288.85,291.96
279.31,287.93,291.48
282.82,289.42,291.54
286.13,290.12,291.42
282.04,289.36,291.4
275.04,285.46,290.22
274.15,285.46,290.16
276.45,286,289.97
283.41,288.27,290.05
283.51,289.75,290.64
281.37,287.9,290.16
280.64,287.97,290.02
283.93,288.39,289.9
287.01,289.39,290.1
283.95,289.23,290.41
279.14,286.72,289.68
282.88,288.58,290.03
279.58,287.36,290.07
274.69,284.71,289.18
274.5,284.82,289.23
273.43,284.05,288.92
273.06,283.34,288.49
274.13,283.87,288.6
275.6,285.47,289.01
274.5,284.26,288.54
272.66,283.23,288.22
274.1,283.77,288.46
277.96,285.35,288.64
275.1,284.83,288.63
271.04,281.81,287.71
272.42,282.12,287.69
278.53,285.7,288.48
281.83,287.19,288.68
278.97,286.9,288.75
271.06,281.88,287.59
271.03,281.79,287.38
272.73,283.59,287.9
271.44,282.07,287.21
277.83,285.55,288.01
284.34,287.81,288.36
283.34,287.27,288.2
275.92,283,287.07
279.25,285.42,287.69
266.7,279.58,286.55
267.51,279.18,286.17
274.85,283.32,286.98
273.57,281.87,286.42
277.74,284.96,286.64
279.21,285.16,286.94
285.76,286.68,286.97
287.38,287.12,287.01
282.36,285.51,286.77
272.65,281.27,285.79
270.29,280.44,285.65
270.31,280.38,285.63
273.19,283.13,286.31
270.84,280.97,285.87
267.51,280.09,285.6
260.5,277.35,284.79
268.66,280.11,285.21
268.15,280.22,285.24
266.21,279.33,285.1
260.77,276.5,284.23
262.47,277.4,284.15
268.9,280.28,284.79
268.88,280.01,284.55
269.74,280.05,284.49
273.62,281.73,284.9
272.42,280.85,284.7
272.5,280.79,284.53
274.9,281.44,284.46
275,283.45,285.19
260.4,276.33,283.65
261,275.5,283.19
264.15,277.35,283.62
265.39,277.8,283.53
267.65,278.21,283.61
268.15,279.01,283.76
269.65,279.18,283.67
267.23,277.71,283.28
268.37,278.07,283.24
270.24,278.84,283.4
270.48,278.51,283.05
271.4,278.87,283.03
264.05,277.75,283.22
261.42,277.78,282.92
265.21,278.1,283.09
256.95,274.48,282
262.34,275.01,281.87
266.51,276.16,281.87
270.26,278.49,282.35
277,281.62,283.14
278.68,283.19,283.58
266.89,276.43,281.87
269.71,277.44,282.06
271.66,278.76,282.31
275.12,280.2,282.77
276.1,280.72,282.82
280.51,282.87,283.3
281.3,285.45,283.89
277.87,284.56,283.93
270.39,279.47,283.16
270.61,278.14,282.53
274.37,279.7,282.8
272.49,281.57,283.61
269.31,281.74,283.93
258.46,274.81,282.39
262.67,275.48,282.07
262.49,276.78,282.35
266.17,278.14,282.73
264.3,276.97,282.48
260.57,275.16,281.81
265.81,276.88,282
265.19,276.65,281.99
258.15,273.41,281.07
264.48,275.85,281.59
275.7,282.73,283.01
261.15,275.06,281.52
271.49,279.06,282.17
261.5,274.82,281.37
267.24,276.04,281.22
274.27,280.26,282.54
272.84,279.1,282.12
276.18,282.06,282.68
274.24,281.67,283.23
261.84,277,282.17
261.05,274.78,281.28
264.2,275.57,281.27
264.29,276.02,281.31
266.29,276.63,281.3
261.84,274.84,280.92
265.3,275.88,280.88
271.48,278.39,281.43
274.98,279.93,281.8
271.27,278.44,281.36
268.91,277.21,281.12
265.33,277.16,281.58
260.15,274.05,280.48
258.81,274.39,280.47
262.07,273.85,280.19
267.75,275.7,280.3
275.53,279.84,281.29
276.43,280.21,281.34
275.14,280.53,281.64
272.51,278.28,280.91
272.69,278.32,280.94
275.62,279.9,281.21
275.18,279.81,281.16
278.53,281.08,281.29
273.75,279.47,281.28
273.52,278.87,280.98
275.92,280.22,281.28
274.05,279.43,281.13
272.12,278.28,280.83
275.71,280.11,281.21
274.76,279.65,281.25
274.63,279.85,281.34
273.51,279.33,281.25
272.29,278.46,280.9
273.37,279.3,281.28
275.49,281.36,281.9
275.38,280.09,281.52
278.32,281.37,281.61
282.19,283.36,282.21
277.12,280.99,281.69
280.54,282.38,282.02
279.65,282.28,282.08
276.05,280.46,281.63
275,279.99,281.73
276.81,280.88,281.86
277.8,281.68,282.23
273.34,278.93,281.29
274.17,279.38,281.46
276.11,280.76,281.91
272.57,278.98,281.24
270.99,278.68,281.31
277.14,281.38,281.89
271.95,279.12,281.48
272.91,280.04,281.71
274.62,281.18,282.11
279.55,281.88,282.03
284.65,284.93,282.66
284.72,284.65,282.68
283.92,284.39,282.82
287.74,285.37,283.02
283.42,285.3,283.29
278.73,282.88,282.97
283.59,283.81,283.19
289.96,287.62,283.99
292.43,288.22,284.15
287.73,286.97,284.07
285.72,286.71,284.39
286.76,286.25,284.42
286.93,286.55,284.75
289.52,287.12,285.12
289.39,288.68,285.88
284.86,286.65,285.71
285.62,286.18,285.56
289.18,287.7,285.64
291.15,288.87,286.17
289.55,288.5,286.38
284.19,286.15,286.21
285.88,288.25,286.63
281.7,285.87,286.04
286.87,287.97,286.44
286.47,288.06,286.41
288.48,287.89,286.06
288.38,288.19,286.16
285.02,287.65,286.37
282.37,285.77,286.04
281.09,285.06,285.87
281.39,285.38,285.86
282.29,285.89,285.72
283.6,285.8,285.53
285.05,286.25,285.51
288.14,287.23,285.76
288.64,288.14,286.45
285.48,286.71,286.13
285.02,286.54,286.07
285.95,287.21,286.26
285.99,286.9,286.1
288.38,288.8,286.41
283.84,287.31,286.39
286.67,287.61,286.41
294.28,290.44,287.05
295.11,290.66,287.3
292.58,289.64,287.19
293.69,289.97,287.32
294.66,290.82,287.79
289.54,290.66,288.33
288.63,289.73,288.31
288.53,289.71,288.6
291.11,290.84,289.16
292.16,292.15,289.52
291.91,291.97,289.82
291.37,292.25,290.03
286.16,289.87,289.65
284.2,288.8,289.4
287.39,290.25,289.44
287.05,289.53,289.36
285.76,289.53,289.34
287.42,289.75,289.2
288.42,289.99,289.15
289.48,290.33,289.2
291.11,290.66,289.48
294.06,292.41,289.92
295.94,294.08,290.67
297.8,295.23,291.21
299,295.43,291.39
295.67,294.29,291.6
295.23,294.43,291.88
295.21,294.78,292.27
295.63,294.1,292.31
292.48,292.84,292.35
293.11,293.48,292.48
292.94,293.95,292.55
294.69,294.07,292.45
293.95,294.06,292.47
291.4,293.19,292.65
295.91,294.54,292.76
295.65,294.69,293.07
293.97,294.43,293.32
295.11,294.5,293.5
296.8,295.6,294
295.92,294.97,294.06
295.75,295.05,294.25
296.74,296.08,294.8
293.8,294.99,294.92
290.66,294.28,294.91
288.33,293.53,294.88
294.01,295.07,294.69
291.27,294.01,293.9
294.28,294.47,293.46
294.79,294.84,293.12
292.17,293.42,292.71
289.78,292.64,292.62
294.14,293.87,292.69
295.32,294.92,293.1
293.75,293.91,292.78
291.85,292.89,292.53
289.65,292.09,292.28
289.04,291.89,292.3
291.63,292.73,292.64
295.16,293.93,292.95
296.28,294.91,293.18
290.8,292.13,292.77
287.46,291.85,292.84
288.75,292.06,292.71
287.62,292.01,292.71
285.92,290.97,292.55
286.66,291.14,292.54
293.4,293.44,292.79
294.39,294.16,293.08
290.99,292.83,292.82
289.77,291.61,292.41
294.54,293.1,292.5
295.85,294.13,292.77
296.43,293.67,292.5
295.98,294.6,292.9
298.05,295.62,293.27
295.46,295.5,293.52
294.39,294.89,293.62
295.67,294.87,293.73
297.26,295.67,293.99
298.54,297.22,294.58
295.1,296.79,294.89
294.06,296.22,295.11
295.77,297.16,295.45
295.11,296.88,295.46
296.98,296.51,295.12
292.22,296.02,295.17
286.32,292.81,294.58
290.01,293.84,294.54
293.86,295.53,294.65
292.2,293.14,293.48
295.78,294.23,293.38
298.53,296.75,294.06
298.4,295.65,293.76
297.15,295.26,293.65
297.64,296.54,294.28
296.35,295.15,294.14
295.93,294.86,294.16
297.73,295.51,294.46
299.71,296.54,294.76
291.87,295.89,294.89
284.71,292.43,294.49
284.55,292.29,294.32
282.95,290.9,293.8
286.02,291.28,293.55
289.86,292.89,293.5
292.38,293.29,293.4
292.96,293.68,293.32
294.42,293.91,293.46
292.77,293.95,293.54
289.19,293.18,293.6
288.45,292.64,293.72
287.9,292.98,293.94
286.26,291.89,293.85
283.97,291.08,293.58
285.41,291.1,293.35
285.12,290.84,293.06
288.25,291.57,292.95
291.55,292.98,293.26
292.86,292.93,293.16
291.96,292.22,292.95
291.65,293.17,293.02
292.15,293.81,293.33
287.31,292.86,293.49
286.9,291.24,293.11
292.93,293.39,293.46
296.31,295.01,293.87
295.17,295.07,294.01
290.82,293.04,293.78
285.29,290.2,293
285.84,289.9,292.96
292.08,293,293.22
288.14,292.53,293.22
279.19,288.43,292.22
280.7,288.45,292.16
280.09,288.38,292.02
279.71,288.37,291.58
280.89,288.71,291.56
284.16,290.17,291.64
284.53,290,291.57
284.41,289.65,291.28
284.38,289.38,291.06
286.77,289.24,291.05
290.11,290.78,291.16
291.8,292.25,291.33
287.26,290.82,291.13
285.58,290.7,291.17
281.36,288.31,290.66
283.06,288.71,290.66
287.76,291.52,291.33
291.05,292.59,291.5
292.31,292.78,291.57
292.6,292.51,291.54
285.72,291.38,291.6
280.66,288.15,291.15
279.75,288.23,291.02
285.28,290.06,291.32
283.83,289.54,291.23
283.84,288.6,290.69
286.46,289.87,291.04
288.09,290.51,291.24
288.91,291,291.3
283.79,289.03,290.95
285.87,290.04,291.08
284.65,289.52,291.07
288,290.75,291.22
286.49,290.01,291.19
281.05,288.12,290.74
274.96,285.39,290.04
281.15,288.52,290.9
276.97,285.92,290.08
282.85,288.5,290.44
275.47,285.47,289.86
274.82,285.1,289.56
276.14,285.51,289.65
284.95,288.91,290.15
288.31,290.05,290.31
277.61,285.83,289.38
272.3,283.41,288.86
276.87,285.63,289.25
271.78,283.76,289.11
270.28,282.66,288.81
273.83,283.36,288.61
277.35,285.43,288.86
282.21,288.35,289.45
270.42,284.56,289.01
263.02,279.59,287.65
260.82,278.52,287.29
263.96,279.51,287.27
264.38,279.79,287.26
268.75,281.06,287.34
269.89,282.14,287.35
272.58,283.43,287.57
280.1,285.59,287.72
283.5,288.06,288.34
268.8,281.68,287.13
269.71,281.32,286.77
276.64,285.4,287.6
276.95,286.6,287.97
268.45,281.31,286.83
266.16,279.72,286.31
258.95,276.88,285.69
254.8,274.26,284.83
258.48,275.77,285
267.19,278.59,285.3
271.16,280.91,285.76
280.53,285.31,286.62
269.62,280.42,285.59
265.86,278.84,285.24
265.83,277.94,284.81
274.05,282.01,285.59
279.97,285.22,286.28
281.16,286.39,286.52
274.65,282.28,285.4
279.52,284.04,285.73
276.34,283.68,286.04
275.81,282.3,285.43
280.63,285.78,286.03
273.71,283.16,285.83
278.03,283.39,285.51
277.32,284.53,286.02
269.74,279.67,284.71
270.47,279.84,284.56
267.77,280.07,284.96
264.61,279.13,284.94
258.81,275.22,283.54
256.49,275.98,283.46
272.32,280.54,284.06
274.98,284.53,285.19
272.81,281.7,284.64
267.12,278.47,283.83
268.33,278.25,283.61
268.49,278.87,283.82
269.63,279.02,283.75
273.1,280.19,283.95
274.49,281.51,284.28
278.8,283.34,284.46
278.15,283.6,284.67
277.99,283.17,284.6
276.16,282.55,284.45
265.6,277.64,283.44
258.85,274.04,282.43
266.83,277.65,283.22
271.28,280.58,284.07
266.3,277.75,283.06
259.16,275.53,282.54
261.09,277.01,282.7
274.98,281.06,283.32
283.76,285.22,284.29
279.98,284.09,284.29
274.63,280.51,283.35
274.22,280.64,283.49
267.74,277.57,282.74
272.7,280,283.24
269.09,278.78,283.11
269,278.14,282.75
269.34,278.8,282.89
266.28,277.25,282.41
273.39,280.43,283.14
273.16,279.98,282.93
276.22,281.87,283.35
272.2,280.04,282.97
265.52,277.27,282.3
263.09,276.03,281.99
265.62,276.52,281.87
265.15,276.87,282
266.03,276.79,281.8
272.68,279.67,282.46
274.8,280.86,282.77
273.09,279.76,282.5
272.88,279.44,282.36
274.32,280.48,282.69
269.85,277.77,281.92
274.26,279.67,282.23
275.9,280.73,282.52
278.01,281.55,282.72
281.09,283.43,282.99
282.02,284.23,283.24
281.15,284.21,283.35
273.4,279.87,282.38
268.75,278.09,281.99
264.95,276.98,281.68
264.43,277.2,281.73
275,281.19,282.32
274.26,281.38,282.66
271.77,278.99,281.91
273.15,279.6,281.93
274.21,280.1,282.09
270.19,278.11,281.55
266.68,276.47,281.22
273.36,279.25,281.74
275.76,280.09,281.93
278.43,281.41,282.15
278.82,283.01,282.71
279.01,282.02,282.23
279.3,281.58,282.16
283.72,283.59,282.44
284.53,284.93,283.03
283.35,284.77,283.02
286.51,286.01,283.38
278.82,283.63,283.26
276.31,282.19,282.95
276.93,281.46,282.72
282.7,284.31,283.28
284,285.6,283.75
286.99,286.32,283.88
286.54,285.04,283.62
286.48,286.69,284.29
280.81,283.88,283.8
278.89,282.55,283.48
285.78,285,283.73
290.75,288.16,284.52
281.73,284.11,283.81
277.41,282.1,283.29
278.62,282.19,283.43
285.38,285.27,283.94
286.92,286.52,284.44
281.39,283.76,283.79
284.55,285.06,284.21
288.72,287.33,284.69
291.34,288.67,285.03
289.2,288.18,285.04
284.78,286.31,284.9
284.33,285.06,284.68
287.81,287.22,285.13
290.25,287.78,285.05
285.15,287.03,285.4
279.21,284.42,284.91
278.27,283.88,284.86
282.02,285.54,285.28
282.36,286.13,285.5
280.08,285.6,285.29
285.55,287.16,285.62
280.11,284.68,285.24
280.42,284.18,284.98
282.71,285.27,285.46
286.15,285.88,285.42
286.92,288.07,286.06
279.77,285.17,285.76
278.85,284.49,285.72
280.45,285.37,286.02
282.55,285.82,286.11
285.23,286.77,286.16
289.2,287.9,286.46
287.07,288.57,286.93
285.65,286.62,286.6
285.96,286.91,286.98
290.31,289.91,287.52
290,290.56,287.91
286.03,288.67,287.83
284.36,287.82,287.79
283.54,287.69,287.94
282.08,287.09,287.76
282.91,286.75,287.6
283.74,286.8,287.39
285.75,287.37,287.44
286.85,288.87,287.85
290.48,289.96,288.2
294.08,291.79,288.76
291.01,290.97,288.85
285.85,289.12,288.7
284.79,288.52,288.56
286.97,288.45,288.6
286.35,288.4,288.62
286.81,289.81,289.14
286.59,289.03,289.05
283.53,288,288.83
289.44,289.56,289.11
288.22,289.64,289.23
293.76,290.42,289.13
301.8,294.75,289.97
298.48,294.61,290.48
291.18,290.93,289.98
290.46,290.43,290.22
295.45,293.37,291.01
289.06,291.12,290.78
290.28,291.45,290.69
292.94,293.29,291
292.67,292.09,290.98
296.63,294.25,291.32
301.8,296.08,291.84
305.06,298.64,292.75
303.61,298.66,293.17
303.27,298.18,293.5
301.71,298.72,293.93
302.68,298.68,294.2
297.67,296.76,294.35
295.76,295.54,294.28
293.73,295.19,294.02
296.81,295.65,293.99
298.01,297.08,294.28
290.07,293.41,293.39
288.43,293,293.37
287.99,292.84,293.61
295.51,294.85,293.45
295.54,295.45,293.49
292.93,293.84,293.07
290.18,291.86,292.67
289.81,292.62,292.74
292.16,292.59,292.66
294.56,294.65,293.02
291.66,292.94,292.64
293.87,293.17,292.66
293.68,293.98,292.75
296.94,294.6,292.79
297.21,295.93,293.01
294.51,295.24,293.26
293.72,294.8,293.48
294.94,295.31,293.7
297.73,296.37,294.1
299.96,298.14,294.74
302.93,299.04,295.18
298.86,297.62,295.35
298.4,296.74,295.26
303.58,299.78,295.91
306.68,300.84,296.2
303.26,299.68,296.16
296.84,296.66,295.59
295.56,295.9,295.57
294.12,295.8,295.65
292.16,295.13,295.68
295.9,296.79,295.98
294.58,296.32,295.87
292.84,296.48,295.81
292.29,295.45,295.31
299.4,298.07,295.67
295.08,296.86,295.67
294.26,295.37,295.39
299.27,296.93,295.47
302.84,299.09,296.01
299.18,297.95,296.18
291.43,295.43,295.84
288.31,293.62,295.45
286.73,292.88,295.26
288.18,292.91,294.98
292.19,293.99,294.92
289.88,294.13,294.75
291.04,293.99,294.25
291.89,293.95,294.18
292.6,294.61,294.23
294.18,294.96,294.28
295.18,295.5,294.46
296.17,295.88,294.63
295.36,295.98,294.84
288.7,293.38,294.6
290.06,292.93,294.4
290.71,294.65,294.87
283.59,290.89,293.73
284.49,290.72,293.57
287.19,291.71,293.59
288.3,292.61,293.44
293.63,294.1,293.57
294.64,293.57,293.38
296.95,295.55,293.82
291.74,293.01,293.57
294.29,292.97,293.35
296.07,295.6,293.82
292.5,294.47,293.71
293.74,293.97,293.53
294.06,295.05,293.76
291.17,294.66,293.92
286.27,292.72,293.7
285.5,291.4,293.58
287.64,292.05,293.51
288.74,291.85,293.47
289.9,292.22,293.31
290.64,292.49,293.36
286.35,293.13,293.74
284.85,290.84,293.2
282.1,290.12,292.99
283.07,289.12,292.6
288.6,291.59,292.77
290.47,292.58,292.93
291.21,293.75,293.13
292.72,294.07,293.39
290.19,293.15,293.25
288.08,291.43,292.96
285.67,290.79,292.79
286.37,290.68,292.74
293.98,293.9,293.48
291.22,293.78,293.46
283.68,291.66,293.15
279.31,289.47,292.66
279.77,289.56,292.74
283.45,290.32,292.54
286.84,291.68,292.81
288.36,292.32,292.92
288.56,292.63,293.02
286.01,290.77,292.75
290.31,292.39,292.96
289.35,291.68,292.67
290.26,291.78,292.67
290.94,292.42,292.81
293.2,293.09,292.82
290.9,293.43,293.02
280.39,288.07,291.89
276.94,286.77,291.72
278.34,286.74,291.48
286.76,290.54,291.62
292.14,292.56,291.75
289.05,291.87,291.68
277.38,286.78,290.72
278.18,286.78,290.51
280.78,287.18,290.58
289.3,291.1,291.14
287.01,291.16,291.29
279.22,287.28,290.54
274.42,285.36,290.01
280.03,287.27,290.23
282.39,287.92,290.22
279.36,287.14,290.24
275.88,285.24,289.68
276.16,285.54,289.61
276.23,285.73,289.49
281.43,287.35,289.67
283.32,288.11,289.76
283.1,287.54,289.56
280.6,287.49,289.76
276.36,284.8,288.93
275.16,284.94,288.96
276.27,284.96,288.88
274.73,284.4,288.65
273.84,284.29,288.75
273.4,283.28,288.3
274.47,283.5,288.35
275.65,284.08,288.28
275.19,283.78,288.06
274.55,283.5,288.06
274.82,283.73,288.05
273.41,283.59,287.83
274.6,284.07,287.84
276.05,284.88,288.28
275.22,284.63,288.36
273.48,283.2,287.71
277.44,287.01,288.72
268.63,282.91,288.13
263.5,278.83,286.89
263.57,279.19,286.7
274.05,283.15,287.5
274.32,283.01,287.19
284.44,287.37,287.99
279.79,286.26,287.96
272.41,281.75,286.8
271.82,281.2,286.61
273.69,281.88,286.73
276.32,283.32,286.93
279.69,284.67,287.14
279.44,284.56,287.03
276.24,283.37,286.74
277.07,283.67,286.71
274.83,282.68,286.42
274.75,282.4,286.37
278.68,283.34,286.28
283.21,286.15,286.92
284.98,287.33,287.18
278.19,283.9,286.46
276.28,283.26,286.35
277.25,283.53,286.32
282.1,285.58,286.73
277.67,283.23,286.04
275.06,282.26,285.82
273.4,281.48,285.66
270.93,280.14,285.18
275.58,281.79,285.4
274.38,281.35,285.24
277.06,281.84,285.11
277.01,282.75,285.32
283.96,285.16,285.59
276.62,283.56,285.72
269.05,279.34,284.54
266.99,278.58,284.29
266.09,277.92,284.05
267.9,278.23,284.02
268.87,278.86,283.98
271.65,280.78,284.51
268.52,278.9,284.06
263.84,276.54,283.44
264.97,277.16,283.5
264.12,277.45,283.5
264.62,277.59,283.34
267.87,277.93,283.22
270.88,278.32,283.22
271.15,280.12,283.86
272.9,281.46,284.41
273,280.32,283.81
272.53,280.34,283.84
265.04,277.79,283.27
269.64,278.67,283.25
278.05,283.35,284.37
269.69,277.97,282.91
276.45,282.44,283.95
273.03,279.81,283.46
271.1,280.11,283.66
272.28,279.92,283.52
269.55,279.81,283.76
273.7,280.44,283.44
276.85,283.69,284.31
278.19,284.94,284.55
276.82,282.62,284.03
266.97,278,282.97
254.81,272.27,281.79
271.31,279.27,283.01
271.02,279,283.04
272.06,279.12,282.67
277.12,282.23,283.55
270.14,280.97,283.56
259.63,276.04,282.63
262.14,275.94,282.31
266.19,276.43,282.31
269.77,278.07,282.48
273.28,280.34,283.04
269.92,278.6,282.58
268.98,278.71,282.42
254.29,272.96,281.43
256.54,272.63,280.88
251.88,270.72,280.53
263.07,274.74,281.08
273.26,279.11,281.94
274.48,279.8,281.76
280.05,282.61,282.63
281.59,282.93,282.61
288.12,285.57,283.1
285.58,285.79,283.26
272.91,279.84,282.25
272.22,278.59,281.81
277.14,280.97,282.42
274.96,280.56,282.25
270.69,278.03,281.55
279.8,283.21,282.95
266.44,276.84,281.6
271.37,277.82,281.49
278.43,282.29,282.68
273.32,279.64,281.87
275.8,280.61,281.99
271.71,279.23,281.91
264.56,275.64,280.95
261.89,275.96,281.25
258.18,272.77,280.22
260.93,273.73,280.24
262.69,275.11,280.37
264.38,276.31,280.63
270.91,277.91,280.87
268.48,278.14,280.87
273.79,279.14,281.14
272.5,278.5,280.92
270.94,277.85,280.56
271.22,277.72,280.42
269,277.57,280.45
275.49,280.05,281.09
274.14,279.53,281.04
277.19,282.36,281.74
274.58,279.9,281.26
274.89,280.31,281.28
275.19,281.05,281.58
273.07,279.06,281.08
274.04,279.19,280.98
274.68,279.53,281.05
279.24,281.34,281.24
281.91,282,281.31
278.15,282.08,281.79
274.23,279.22,281.08
275.23,280.3,281.35
277.53,281.5,281.56
278.82,281.95,281.68
277.62,281.24,281.46
285.28,284.73,282.14
279.19,282.68,282
275.81,280.85,281.44
277.22,281.07,281.66
284.42,284.17,282.08
286.8,285.36,282.51
278.06,281.71,282.05
277.69,281.92,281.88
279.21,282.57,282.22
278.41,281.7,281.96
283.37,283.55,282.41
283.79,285.14,282.9
277.28,282.3,282.39
275.06,280.92,282.25
277.02,282.3,282.7
282.06,284.18,283.14
282.71,284.74,283.29
278.3,282.35,282.73
279.78,282.47,282.69
285.04,285.22,283.31
283.74,285.41,283.67
278.1,282.63,283.25
281.52,283.51,283.31
278.14,282.84,283.44
276.08,280.87,282.87
286.99,285.52,283.74
288.84,287.44,284.32
279.67,283.02,283.45
281.6,284.18,283.81
283.48,285.14,284.08
277.47,282.92,283.8
277.94,282.52,283.64
280.66,283.35,283.85
283.95,285.48,284.21
284.17,285.02,284.35
286.16,285.43,284.41
291.79,288.6,285.15
283.72,285.97,284.81
281.53,284.53,284.6
280.72,284.79,284.8
282.44,285.39,285.07
285.81,286.16,285.3
285.08,285.76,285.19
285.37,286.47,285.29
290.81,287.79,285.55
294.44,290.7,286.24
292.84,289.92,286.18
293.06,289.73,286.31
298.06,292.68,287.27
292.75,291.41,287.55
285.31,288.34,287.28
286.15,288.95,287.63
285.06,287.91,287.42
287,287.36,287.05
286.54,287.58,286.86
286.41,287.56,286.98
290.82,290.12,287.64
297.59,292.13,288.32
292.43,291.56,288.65
287.14,288.91,288.19
286.17,288.46,288.2
288.14,289.24,288.44
292.79,290.25,288.62
293.31,291.34,288.9
294.08,290.94,288.64
299.05,292.97,288.85
295.15,292.08,289.01
300.25,294.32,289.42
296.85,294.55,290.18
296.79,293.91,290.38
294.55,292.68,290.42
288.94,290.35,290.21
295.7,293.05,290.8
300.21,295.6,291.2
298.17,293.5,290.52
297.61,292.47,290.45
301.79,294.7,291.11
301.59,294.74,291.8
301.58,294.64,291.56
296.49,294.59,291.87
291.24,292.61,291.88
288.85,292.37,291.91
290.35,292.76,291.96
293.92,292.49,291.64
295.5,293.67,291.26
296.11,294.12,291.63
300.6,295.78,292.12
297.19,295.75,292.51
294.31,293.6,292.41
294.58,293.98,292.64
295.31,294.36,292.84
293.23,293.6,292.97
289.9,293.4,293.37
300,296.5,293.95
299.89,296.92,294.07
301.92,298.27,294.19
303.09,298.56,294.41
305.49,299.75,294.96
298.53,297.47,294.95
293.41,294.94,294.6
293.98,295.22,295
293.74,296,294.7
292.35,294.67,294.05
293.52,296.25,294.55
288.08,293.45,294.24
291.13,293.92,294.22
293.79,294.81,294.39
297.7,296.31,294.2
300.49,297.67,294.64
299.88,298,295.02
297.46,297.05,295.26
297.93,296.18,295.35
302.19,297.6,295.32
305.68,299.93,295.72
303.86,300.64,296.19
299.28,298.51,296.12
295.39,296.36,295.97
293.88,296.57,296.26
297.04,296.4,296.12
301.79,297.77,296.06
305,299.95,296.54
301.49,298.31,296.28
297.8,296.15,295.7
294.44,295.83,295.62
293.34,295.35,295.46
299.34,297.09,295.61
301.78,298.33,295.9
299.9,296.87,295.63
304.39,298.05,295.63
297.12,296.73,295.83
290.4,294.41,295.34
289.14,293.25,295.13
292.89,293.77,294.93
294.82,295.25,295.07
300.09,296.43,295.03
304.68,297.85,294.95
298.67,296.64,294.99
298.75,296.11,294.87
299.83,297.02,295.23
300.07,297.78,295.54
297.31,296.8,295.59
292.72,295.42,295.59
289.54,293.86,295.27
292.03,293.99,295.1
295.97,295.45,295.21
297.94,295.95,295
298.41,295.34,294.85
299.63,295.35,295.02
299.73,296.71,295.51
294.21,295.4,295.62
291.21,294.32,295.46
292.28,294.94,295.79
292.82,295.61,295.76
298.35,295.78,295.6
300.1,297.47,295.9
295.73,295.26,295.68
293.41,294.99,295.73
297.06,296.33,295.91
290.17,294.04,295.49
286.09,291.81,294.96
290.72,293.69,294.95
293.17,294.95,294.98
300.58,296.53,294.92
294.53,294.55,294.81
293.95,294.46,294.62
294.67,294.54,294.62
294.3,294.3,294.72
296.89,296.29,295.06
289.7,295.12,295.02
283.93,291.98,294.22
290.02,294.2,294.64
292.76,295.54,295.04
291.06,295.1,294.88
294.49,295.83,294.98
295.77,295.72,295.02
295.88,295.75,295.14
295.95,295.91,295.31
295.8,296.29,295.36
294.48,295.84,295.36
288.87,294.39,295.39
287.12,293.02,295.12
286.14,292.63,295.04
283.7,291.97,295.01
283.29,291.65,294.56
279.75,289.76,294.09
278.04,288.62,293.46
283.97,289.82,293.23
286.78,291.53,293.45
287.96,291.58,293.13
289.26,291.9,293.13
287.71,291.11,292.96
284.03,289.61,292.67
279.82,288.04,292.33
286.16,290.77,292.49
289.18,292.48,292.97
291.85,292.69,292.78
291.71,293.2,293
294.3,293.97,293.19
293.87,294.46,293.4
288.83,292.62,293.01
281.89,289.4,292.36
279.96,288.41,291.99
282.59,289.06,291.84
285.16,290.4,291.86
288.19,291.4,291.88
281.9,288.86,291.55
277.11,286.89,290.9
282.77,287.99,291.07
288.86,291.08,291.38
281.86,288.33,290.77
280.93,287.85,290.47
278.32,286.69,290.27
276.09,285.73,289.92
281.79,287.73,290.15
284.15,289.53,290.47
281.41,288.36,290.2
281.55,288.62,290.3
275.49,286.3,290.07
273.81,285.77,289.88
274.31,285.62,289.67
275.31,285.38,289.42
283.51,287.99,289.75
287.46,290.27,290.32
280.63,287.93,290
282.71,288.73,290.16
279.46,286.59,289.64
276.97,286.24,289.76
274,284.06,289.03
272.64,283.21,288.64
278.43,284.79,288.79
282.9,287.61,289.33
282.17,286.31,288.88
285.88,288.81,289.41
276.97,284.74,288.38
281.85,286.49,288.69
281.33,286.24,288.63
287.88,288.42,288.91
282.08,287.31,288.92
270.68,281.81,287.57
269.85,281.61,287.48
270.23,282.18,287.57
271.19,281.61,287.33
271.72,281.48,287.18
271.28,281.68,287.09
271.66,281.4,287.01
273.25,282.11,287.04
278.26,285.43,287.5
277.83,285.44,287.85
272.32,281.5,286.71
273.75,282.7,286.96
279.65,286.21,287.78
272.84,282.47,287.06
269.78,280.96,286.58
268.71,281.49,286.77
267.42,282.12,286.92
269.25,281.19,286.47
263.36,279.96,286.29
254.19,275.24,285.02
257.01,275.32,284.77
270.39,282.11,286.15
261.28,277.77,285.27
270.22,280.38,285.4
270.22,280.52,285.45
265.32,279.35,284.99
266.87,278.77,284.66
270.8,280.47,285.19
262.67,277.19,284.32
263.39,277.21,284.11
269.97,279.92,284.72
264.29,278.53,284.25
268.56,278.85,284.17
261.15,276.82,283.74
273.55,281.43,284.56
275.07,282.34,284.97
272.18,279.98,284.21
272.56,280.13,284.14
276.47,282.42,284.64
273.64,280.39,284.14
273.56,280.7,284.17
274.01,280.62,284.03
277.63,282.95,284.7
283.12,285.25,285.12
272.2,280.66,284.19
274.11,280.82,284.04
267.23,279.01,283.88
255.42,274.38,283.04
248.16,270.36,281.84
250.89,272.36,282.01
261.58,277.13,282.88
272.36,280.15,283.37
267.85,278.27,282.87
263.66,275.68,282.17
267.21,277.92,282.86
265.38,276.9,282.51
253.28,272.63,281.54
260.98,275.88,282.01
269.63,278.88,282.87
261.19,275.06,281.65
259.29,274.88,281.46
267.32,277.2,282.04
263.31,275.75,281.79
260.68,273.37,280.95
271.15,278.36,282.06
262.13,275.25,281.51
257.8,274.17,280.95
271.4,278.48,281.93
272.74,278.83,281.86
272.19,278.85,281.9
274.24,280.27,282.14
270.15,279.6,282.29
266.03,275.96,281.23
274.71,279.97,282.04
272.43,279.24,282.03
273.69,280.17,282.21
270.85,278.44,281.85
267.5,276.44,281.18
271.74,278.68,281.75
272.42,279.2,282
267.75,276.68,281.22
264.56,275.37,280.83
256.8,273.01,280.34
262.49,275.66,280.93
273.53,279.68,281.75
267.96,277.11,281.12
265.2,275.92,280.68
270.5,278.12,281.25
273.52,278.75,281.37
274.04,279.6,281.68
273.67,278.88,281.3
274.1,278.64,281.16
275.35,279.4,281.17
275.36,279.85,281.32
274.25,279.13,281.21
271.69,277.64,280.74
272.63,277.82,280.78
274.84,279.99,281.39
273.91,278.88,281.03
274.29,279.86,281.38
269.7,277.42,280.81
267.94,276.98,280.67
266.75,276.57,280.75
266.51,276.61,280.53
276.06,280.36,281.4
273.37,278.82,280.96
274.74,279.06,280.9
274.72,280.05,281.28
274.75,279.96,281.28
273.64,279.2,281.04
280.42,282.17,281.6
276.71,281.28,281.79
270.7,277.92,280.9
268.26,276.35,280.49
269.34,276.82,280.68
275.88,279.52,281.13
275.4,281.58,282.2
270.24,279.01,281.59
272.68,279.01,281.16
270.12,278.34,281.27
269.01,277.06,280.75
274.2,278.72,281.07
279.86,282.34,281.93
281.73,283.59,282.25
285.36,284.88,282.54
281.82,283.9,282.52
281.27,282.93,282.3
276.51,281.78,282.33
271.21,279.16,281.71
270.23,278.14,281.35
275.44,280.25,281.72
281.47,283.45,282.42
279.26,282.72,282.3
274.63,280.87,282.09
274.92,279.79,281.54
285.36,284.2,282.47
286.95,285.51,282.89
290.11,285.88,282.92
290.95,287.49,283.57
280.25,282.92,283.03
276.6,281.55,282.7
273.18,279.9,282.21
273.58,280.2,282.19
276.5,280.89,282.31
280.48,282.89,282.72
284.96,285.4,283.35
282.67,284.12,283.31
278.88,282.57,283.01
275.09,281.19,282.75
275.22,281.07,282.64
277.68,281.63,282.91
284.99,284.29,283.21
293.75,288.67,284.26
286.79,286.33,284.08
283.28,284.52,283.73
288.17,286.28,284.11
287.96,287.55,284.81
280.7,284.47,284.51
285.36,286.29,284.96
282.91,284.81,284.59
283.22,283.7,284.2
290.05,287.34,284.87
288.72,288.45,285.49
282.09,284.51,284.65
283.11,284.11,284.8
286.48,287.22,285.43
283.71,285.24,285.1
288.07,288.8,285.75
281.82,286.68,285.7
284.53,286.38,285.59
289.03,287.94,286.21
292.05,289.65,286.67
284.34,287.16,286.36
282.92,286.26,286.16
286.49,287.31,286.31
289.15,288.43,286.63
289.31,289.05,286.87
292.53,290.01,287.16
294.71,291.53,287.88
294.83,291.81,288.25
293.52,290.89,288.45
292.72,290.25,288.58
291.41,290.12,288.93
292.7,291.4,289.32
294.58,292.1,289.64
295.68,293.21,289.98
294.85,294.08,290.56
296,293.26,290.64
294.22,293.09,290.86
290.14,291.14,290.58
290.03,290.83,290.59
295.44,293.36,290.84
293.26,293.73,291.39
289.72,291.69,290.78
287.58,290.65,290.75
287.55,290.68,290.85
289.36,290.78,290.83
291.44,292.56,290.99
292.09,293.43,291.44
288.93,292.47,291.36
287.05,290.41,290.89
291.99,291.28,290.91
298.99,295.02,291.58
298.71,295.92,292.01
293.55,293,291.57
290.44,291.66,291.42
291.59,292.71,291.87
289.76,292.12,291.67
293.9,293.62,291.83
295.2,294.85,292.32
294.58,294.99,292.52
289.55,292.93,292.48
286.76,291.83,292.34
288.45,291.5,292.14
288.86,292.25,292.13
290.68,293.23,292.21
292.77,293.95,292.5
295.39,294.93,292.6
297.94,295.42,292.74
300.36,296.66,293.09
297.99,295.72,293.35
299.84,296.86,293.85
302.12,298.45,294.39
296.56,296.66,294.43
292.68,295.16,294.41
293.22,295.12,294.47
293.57,295.28,294.61
293.39,294.82,294.47
293.56,295.3,294.79
297.29,296.77,294.88
298.78,297.74,294.88
296.28,296.75,294.92
295.26,295.85,294.62
300.26,297.22,294.65
304.05,299.74,295.34
302.45,298.71,295.5
301.09,297.75,295.5
302.25,298.17,295.64
300.28,298.42,296.19
295.66,296.52,296.1
294.38,296.62,296.17
293.19,296.31,296.32
293.63,296.04,296.29
296.81,297.34,296.44
294.26,296.78,296.5
293.67,296.12,296.18
293.79,295.89,296.08
295.48,296.79,296.22
298.35,297.91,296.53
300.27,298.07,296.58
302.01,299.33,296.9
296.74,297.22,296.67
293.29,296.24,296.61
293.94,295.66,296.42
294.61,295.85,295.95
293.41,295.44,295.75
292.15,295.16,295.82
294.04,296.9,296.25
294.92,296.84,296.22
296.73,296.93,296.04
298.16,297.08,295.93
300.34,297.71,296.07
301.96,299.11,296.26
298.74,297.74,296.43
297.34,297.17,296.43
300.21,297.25,296.53
304.53,300.21,297.27
293.97,296.94,296.8
292.3,295.71,296.51
294.04,296.44,296.3
295.16,297.05,296.23
297.08,296.9,295.95
297.24,296.72,295.8
296.85,296.3,295.63
297.59,297.03,296.02
297.42,297.55,296.44
301.26,298.83,296.68
297.11,298.44,296.93
296.46,297.73,296.95
298.38,298.06,297.01
300.63,298.84,297.18
297.35,298.58,297.42
294.5,297.39,297.47
292.83,296.49,297.27
289.44,295.08,296.79
284.88,292.57,295.99
284.95,292.47,295.67
284.52,291.84,295.07
286.32,292.13,294.61
287.05,292.26,294.22
287.33,291.89,294.05
290.31,293.44,294.17
291.38,294.64,294.5
293.67,295.19,294.51
293.84,295.16,294.73
290.84,294.13,294.61
285.16,291.95,294.27
286.41,291.51,294.05
290.78,293.35,294.11
296.47,295.45,294.34
298.39,296.77,294.55
293.94,294.93,294.23
287.76,292.35,293.72
285.45,292,293.78
287.75,292.98,294.05
291.79,293.78,294.02
290.85,292.96,293.72
293.27,294.13,293.69
289.12,293.44,293.76
284.04,290.81,293.21
282.25,289.72,292.96
287.01,290.66,292.99
289.84,293.24,293.47
281.52,289.21,292.47
284.26,289.43,292.41
288.65,291.65,292.78
290.25,291.76,292.61
286.53,291.38,292.78
281.6,289.17,292.11
284.16,290.37,292.39
284.95,290.64,292.24
290.57,292.08,292.2
293.89,293.48,292.57
294.66,293.43,292.42
292.59,292.65,292.31
291.42,291.48,292.04
293.04,292.72,292.38
291.94,292.74,292.52
291.83,292.45,292.45
293.96,293.65,292.74
293.17,293.32,292.81
292.99,293.75,292.97
293.66,294.03,293.03
291.44,293.59,293.19
282.83,290.35,292.64
284.15,289.93,292.55
291.6,293.37,293.02
279.32,291.09,292.94
270.21,284.66,291.69
274.13,285.64,291.25
275.59,285.94,291.22
278.66,286.01,290.73
278.15,285.89,290.44
283.41,287.83,290.54
283.3,288.26,290.48
281.29,287.46,290.03
283.31,288.33,290.05
286.1,289.31,290.16
280.58,287.37,289.91
276.73,285.35,289.34
278.1,285.85,289.51
282.95,288.2,289.87
284.45,288.16,289.61
284.73,287.6,289.38
287.43,289.26,289.81
289.39,290.29,289.99
283.66,289.1,289.98
276.46,285.27,289.06
279.07,286.61,289.38
278.43,286.97,289.67
275.18,284.59,288.91
278.46,285.96,289.11
278.13,286.37,289.23
275.35,284.25,288.61
283.51,287.9,289.17
282.5,288.1,289.42
277.48,286.34,289.07
274.78,284.34,288.6
273.05,283.24,288.11
271.75,282.71,287.94
273.72,283.59,288.19
273.45,283.11,287.87
271.76,281.94,287.49
269.14,281.04,287.18
267.44,279.97,286.79
267.59,280.28,286.78
270.35,281.24,286.84
266.17,279.53,286.3
264.95,279.2,286.08
269.98,280.61,286.28
274.6,284.04,287.1
266.79,279.37,285.78
270.12,280.31,285.74
273.65,282.1,286.19
267.11,279.19,285.4
272.45,282.61,286.24
266.63,278.34,285.02
273.97,282.26,285.99
263.91,278.43,285.12
266.18,277.89,284.58
276.01,282.85,285.75
269.29,280.12,285.25
263.17,277.44,284.39
264.32,277.68,284.32
266.87,278.9,284.66
269.28,279.84,284.65
268.82,279.48,284.45
269.28,279.39,284.31
272.95,280.51,284.54
265.41,278.2,284.16
256.02,274.45,283.12
268.42,279.38,284.07
262.83,277.38,283.77
258.82,275.17,283.05
268.17,279.14,283.82
276.04,284.11,284.96
269.57,281.28,284.64
258.87,277.37,284
252.52,273.53,282.86
255.37,274.21,282.59
253.62,273.77,282.32
258.34,276.37,282.81
273.64,280.85,283.82
271.22,279.35,283.28
274.83,280.96,283.58
275.92,281.93,283.87
275.49,281.85,283.8
281.44,284.1,284.24
283.46,285.11,284.45
271.7,280.75,283.68
262.31,276.86,283.05
256.63,274.09,282.15
269.38,277.99,282.88
274.39,281.16,283.55
274.14,281.84,283.68
264.36,275.82,282.24
268.63,277.51,282.46
266.22,276.75,282.38
263.99,274.64,281.62
264.03,276.2,282.1
259.26,275.17,281.84
265.96,276.05,281.83
264.78,275.64,281.61
261.86,275.53,281.61
268.05,278.01,281.95
279.02,282.56,282.97
276.8,281.69,283.26
275.66,281.7,283
271.28,278.47,282.11
272.36,278.15,281.87
274,279.95,282.41
269.61,277.85,281.92
269.56,278.19,282.06
269.77,278.52,282.08
271.76,279.9,282.53
256.08,272.82,280.93
266.68,276.12,281.28
264.86,277.16,281.88
263.73,275.99,281.39
272.54,278.67,281.89
273.69,279.54,281.95
272.15,279,281.99
265.25,275.75,281.01
270.42,278.4,281.64
270.07,278.39,281.75
267.55,277.37,281.31
268.56,278.17,281.43
275.38,279.61,281.49
281.76,283.67,282.62
274.95,280.37,282.02
276.53,280.76,282.05
273.61,279.53,281.83
278.18,280.39,281.83
282.49,283.89,282.76
272.53,279.54,282.04
272.1,278.58,281.77
273.77,279.94,282.05
272.72,278.95,281.66
274.55,279.8,281.92
275.37,280.86,282.21
278.72,281.42,282.17
289.58,286.11,283.14
290.5,287.1,283.47
283.8,285.08,283.22
275.53,280.74,282.37
283.97,284.03,283.06
284.56,284.77,283.12
289.54,286.13,283.29
284.19,285.04,283.33
276.36,281.19,282.45
279.35,283.01,283.05
291.09,287.28,283.74
289.25,286.56,283.58
285.48,285.9,283.83
281.23,284.01,283.42
275.2,281.14,282.84
273.37,280.11,282.56
273.88,280.38,282.58
276.83,281.78,282.76
278.98,282.6,283.06
280.72,283.48,283.23
278.71,282.63,283.05
281.89,282.62,283.08
287.68,286.34,283.85
286.74,286.02,284.03
286.92,286.15,284.25
282.46,285.29,284.37
280.06,283.44,284.03
281.23,284.23,284.16
278.71,282.81,283.74
275.89,281.32,283.34
275.75,281.44,283.4
276.49,281.87,283.47
278.86,282.23,283.51
280.84,282.36,283.49
282.07,284.42,283.92
289.54,287.7,284.65
279.84,285.21,284.57
275.76,282,283.73
282.02,283.87,284.22
287.85,286.82,284.91
284.5,286.58,285.26
281.92,284.88,284.87
281.93,284.86,284.92
285.32,285.61,284.88
287.89,287.06,285.32
284.21,285.64,285.17
279.1,283.61,284.86
280.2,284.66,285.09
281.02,284.53,285.09
285.03,285.43,285.25
285.95,285.81,285.41
289.44,288.97,286.26
285.95,287.07,286.18
286.9,287.63,286.19
291.23,288.93,286.6
285.51,287.73,286.64
279.61,285.28,286.22
278.52,284.79,286.2
282.68,284.48,286.2
281.8,285.65,286.29
280.16,284.53,285.93
281.34,285.17,286.06
284.47,286.15,286.25
287.35,288.08,286.88
290.71,289,287.13
292.9,290.49,287.66
287.3,288.31,287.5
288.53,288.13,287.46
293.71,290.92,288.29
292.01,290.69,288.44
283.91,287.3,288.03
283.21,286.91,288.02
290.33,289.98,288.4
287.05,288.97,288.44
284.54,288.06,288.18
285.23,287.96,288.1
285.82,287.95,288.11
287.35,288.38,288.18
288.2,290.02,288.91
286.35,288.84,288.78
286.94,289.42,289.06
286.13,288.6,289.03
287.02,289.3,289.27
290.98,290.45,289.7
291.82,291.77,290.1
290.63,290.82,290.05
291.12,291.29,290.42
289.93,290.62,290.4
288.13,290.23,290.61
290.57,290.88,290.54
289.04,290.85,290.51
282.54,287.99,290.02
284.29,288.39,290.22
287.22,289.45,290.33
287.15,289.97,290.33
291.65,290.75,290.28
296.5,293.73,290.94
294.03,293.45,291.02
290.24,291.71,290.94
291.41,292.01,291.2
295.27,293.48,291.63
293.02,292.34,291.69
292.53,292.94,292.05
291.93,292.98,292.09
292.34,293.75,292.38
287.43,291.45,292.13
291.66,292.3,292.23
293.92,293.84,292.35
294.81,294.62,292.64
295.69,294.79,293.02
300.91,296.19,293.39
297.19,296.61,293.77
294.26,294.64,293.88
296.52,295.22,293.96
298.54,297.19,294.56
294.59,295.87,294.73
292.57,295.26,294.67
291.33,295.3,294.83
290.14,294.33,294.62
291.94,295.14,294.68
287.76,293.46,294.49
287.15,292.71,294.51
288.92,292.87,294.49
291.56,293.93,294.4
294.22,294.59,294.21
293.53,294.83,294.18
295.22,296.06,294.57
291.26,294,294.45
294.1,295.47,294.73
296.77,295.93,294.74
297.29,296.49,294.83
297.99,297.01,295.15
299.57,297.26,295.4
296.8,296.33,295.44
295.74,294.75,294.96
296.21,296.37,295.19
294.29,295.21,294.69
295.02,295.2,294.54
297.22,295.96,294.66
300.68,297.6,295.16
299.25,296.78,295.05
297.74,296.14,295.12
296.22,296.33,295.41
296.61,296.88,295.94
294.53,296.8,296.14
290.47,294.72,295.71
291.2,294.91,295.79
290.71,294.88,295.47
294.38,296.14,295.15
288.13,293.43,294.69
289.18,293.61,294.62
287.86,292.81,294.23
286.62,292.36,294.06
284.68,291.5,293.66
284.29,290.87,293.22
287.87,292.37,293.19
290.42,293.62,293.43
295.54,294.38,293.4
294.35,295.47,293.87
292.38,293.91,293.7
294.28,295.14,294.33
293.18,294.92,294.29
290.82,293.63,294.04
292.2,293.63,294.05
293.54,294.91,294.55
294.09,295.06,294.65
295.42,295.67,294.9
296.34,296.06,295.21
296.61,296.09,295.35
295.73,296.08,295.53
297.3,296.31,295.66
298.95,297.94,296.14
297.66,297.73,296.4
296.75,297.36,296.52
295.59,297.09,296.73
290.56,294.37,296.12
288.03,292.86,295.58
295.05,295.45,295.38
294.94,296.11,295.19
292.43,294.61,294.67
292.11,294.55,294.58
287.96,293.16,294.51
285.27,292.16,294.07
286.17,292.25,293.92
287.34,292.32,293.5
291.04,292.72,293.28
289.96,292.44,293.32
289.4,292.79,293.47
290.27,293.4,293.68
293.58,294.19,293.82
293.41,294.78,294.05
287.69,291.73,293.46
285.78,291.3,293.25
292.71,294.17,293.71
289.93,294.25,293.84
290.62,293.03,293.34
287.38,291.67,293.21
284.41,289.4,292.8
288.2,292.23,293.18
286.63,291.96,293.16
287.75,291.95,293.04
292.75,293.48,293.24
294.79,294.27,293.45
287.17,292,293.39
277.23,287.58,292.43
277.69,287.7,292.37
280.37,288.65,292.23
282.21,288.24,291.72
285.99,289.88,291.66
287.62,290.79,291.82
289.31,291.39,292.09
290.02,292.71,292.4
287.26,291.11,292.15
287.52,290.9,292.02
290.82,292.38,292.39
287.81,292.26,292.59
282.7,289.2,291.92
285.17,289.72,291.82
287.1,290.81,291.96
287.79,290.93,292.04
290.19,291.37,292.2
289.38,291.82,292.29
289.31,291,292.01
290.24,291.78,292.23
283.37,289.6,291.81
282.86,289.19,291.7
285.22,289.61,291.64
290.13,290.97,291.63
292.16,292.62,291.96
293.07,292.87,292.06
292.96,293.15,292.19
288.29,292.48,292.28
276.52,288.35,291.88
275.62,285.93,291
279.12,287.49,291.17
276.22,286.45,290.83
273.45,284.75,290.31
271.69,283.68,289.81
277.55,285.28,289.84
281.52,287.78,290.26
284.54,288.47,290.17
287.44,290.02,290.55
286.9,290.29,290.82
276.44,285.61,289.91
277.57,285.51,289.64
277.9,285.99,289.75
277.68,285.78,289.64
279.06,286.17,289.63
277.76,286.53,289.59
278.63,286.51,289.48
277.3,285.62,289.16
276.97,284.83,288.98
276.83,284.45,288.8
271.98,282.44,288.3
271.22,282.77,288.46
280.3,288.22,289.56
274.78,285.79,289.2
269.41,282.14,288.26
267.63,280.55,287.53
268.16,280.67,287.52
269.9,281.2,287.67
270.81,281.43,287.63
274.97,283.22,287.75
274.1,283.5,287.91
276.38,284.55,287.96
272.8,283.52,287.98
271.1,282.45,287.54
271.9,282.3,287.37
272.21,283.17,287.54
273.69,283.95,287.73
275.08,284.83,287.99
269.4,280.28,286.68
267.19,279.89,286.48
269.6,280.95,286.8
271.8,281.33,286.63
269.5,280.63,286.29
269.6,280.5,286.2
266.91,279.17,285.81
264.39,277.76,285.27
260.17,276.03,284.95
267.94,278.03,284.96
275.97,282.5,285.89
275.22,282.27,285.78
272.96,280.27,284.88
273.77,280.42,285.03
277.75,283.16,285.42
287.25,287.12,286.29
279.7,284.63,285.86
280.52,284.44,285.68
280.04,284.81,285.9
279.24,284.4,285.81
280.02,284.25,285.65
270.42,281.98,285.63
265.25,278.02,284.35
273.11,281.27,285.16
274.44,281.69,285.12
273.44,281.87,285.16
271.25,279.84,284.37
275.79,282.95,285.3
273.09,282.24,285.18
272.61,281.01,284.77
272.04,280.39,284.54
274.85,282.34,284.91
270.8,279.91,284.35
272.25,280.67,284.4
265.97,277.36,283.53
266.28,277.62,283.44
276.29,283.27,284.74
274.84,282.1,284.45
272.13,280.32,284.03
271.62,279.71,283.82
271.53,279.66,283.67
272.9,281.12,284.14
268.92,279.04,283.52
266.66,278.96,283.72
255.32,272.84,282.1
255.77,273.03,282.05
253.59,273.18,282.02
256.13,275.1,282.19
269.67,278.42,282.65
278.39,283.73,283.85
277.6,283.15,283.68
269.12,278.41,282.62
271.41,278.62,282.44
275.57,281.81,283.44
279.1,283.72,283.8
280.18,283.96,283.79
273.06,281.1,283.31
270.68,279.17,282.73
271.98,280.37,283.23
270.49,279.2,282.71
274.2,281.98,283.48
258.86,274.42,281.81
257.4,272.6,281.18
261.78,274.87,281.68
262,275.44,281.86
264.2,275.57,281.56
266.99,276.68,281.54
264.66,275.54,281.1
269.26,277.58,281.47
269.57,278.49,281.94
267.32,277.76,281.79
264.16,276.05,281.32
262.25,275.85,280.99
264.1,276.61,281.13
274.06,280.6,281.92
269.37,277.79,281.36
275.07,279.75,281.56
280.24,283.24,282.57
266.47,276.5,281.11
268.5,276.89,281.08
269.4,277.17,281.15
270.16,278.25,281.6
268.48,278.27,281.7
269.97,279.03,281.63
276.02,281.19,282.15
277.1,282.14,282.45
275.78,280.42,281.85
273.94,280.22,281.93
276.64,280.35,281.62
270.85,279.89,282.11
267.19,276.53,281.08
265.27,275.79,280.96
263.33,274.76,280.64
270.2,277.26,281.12
271.98,278.31,281.31
271.19,277.87,281.01
280.61,281.88,281.87
278.3,281.57,282.02
276.71,280.18,281.56
277.54,281.24,281.78
274.45,279.93,281.77
272.46,278.89,281.4
272.14,278.64,281.35
279.55,281.41,281.83
285.04,285.08,282.69
286.1,285.17,282.81
285.87,285.14,282.84
280.51,283.36,282.64
282.89,283.5,282.6
279.98,282.89,282.74
278.45,282.12,282.53
275.61,281.53,282.54
269.8,278.58,281.77
269.7,278.24,281.64
271.04,278.44,281.71
276.23,282.31,282.4
274.01,280.6,282.19
272.62,279.52,281.8
272.11,279.02,281.65
273.27,279.64,281.79
273.28,279.29,281.85
278.83,282.76,282.33
280.95,283.3,282.59
286.88,284.38,282.69
284.31,284.6,283.14
287.01,285.55,283.32
286.12,286.32,283.79
279.12,283.23,283.45
274.92,280.7,282.9
276.79,281.46,282.88
285.26,285.59,283.67
280.26,283.64,283.46
281.45,282.98,283.09
282.84,284.27,283.64
283.41,285.44,284.11
275.11,282.09,283.66
273.74,280.54,283.24
279.62,282.93,283.57
286.55,285.71,284.22
290.24,287.44,284.51
290.58,288.23,284.88
288.9,287.62,285.1
290.63,288.67,285.57
293.07,289.52,286.02
291.88,289.96,286.45
290.22,289.08,286.52
291.97,290.19,286.84
284.38,288.1,286.49
280.77,285.56,285.9
283.04,285.9,285.9
286.29,287.65,286.3
289.54,288.79,286.65
290.98,289.91,287.12
292.92,290.31,287.43
292.66,289.95,287.61
291.46,290.76,288.14
294.06,290.93,288.5
294.85,292.18,289.02
293.57,292.01,289.48
287.77,289.42,289.13
283.58,287.83,288.85
283.94,288.28,288.28
287.13,288.4,287.64
293.28,289.81,287.28
293.25,290.41,287.47
290.01,289.72,287.59
287.24,288.98,287.88
289.46,289.66,288.23
289.86,290.2,288.79
293.67,290.99,288.84
293.91,291.39,289.12
298.68,293.88,289.91
299.06,294.95,290.43
294.77,294.18,290.79
292.28,292.84,290.91
287.02,291.01,290.83
285.4,290.08,290.88
287.37,290.22,290.76
289.48,290.84,290.61
290.31,290.93,290.34
290.95,292.24,290.6
292.06,291.81,290.54
292.93,292.71,290.66
291.03,292.16,290.8
289.28,291.42,291.09
292.28,292.36,291.33
295.25,294.55,291.92
296.85,294.99,292.16
293.88,294.03,292.26
293.42,293.76,292.41
294.23,294.5,292.49
294.09,293.85,292.43
294.99,294.31,292.5
293.38,294.59,292.74
286.7,291.8,292.32
290.42,293.08,292.41
290.94,292.65,292.19
292.77,293.89,292.51
294.37,295,292.5
295.78,295.18,292.67
292.04,293.65,292.69
292.82,293.99,292.77
293.09,294.08,293
295.23,293.84,293.12
296.72,295.94,293.35
296.01,295.26,293.42
297.68,296.37,293.56
297.67,296.07,293.72
295.13,295.05,293.69
295.24,295.44,293.96
293.98,295.42,294.28
293.39,295.2,294.31
294.22,295.48,294.4
291.64,294.49,294.47
288.49,293.9,294.5
295.96,296,294.97
292.52,294.88,294.86
290.36,293.85,293.99
291.34,293.49,293.59
295.66,295.82,294.03
295.69,295.69,294.3
300.04,296.9,294.48
302.37,298.82,295.09
303.57,299.34,295.52
303.59,299.22,295.75
298.07,298.01,295.99
295.34,296.42,295.94
301.66,298.19,295.99
301.42,298.88,296.22
303.8,300.42,296.48
298.97,299.09,296.66
300.87,299.29,296.75
300.83,300.16,297.14
298.83,299.21,297.28
297.9,298.76,297.3
297.84,298.27,297.24
296.25,298.02,297.14
296.77,297.97,296.84
296.38,297.5,296.8
299.42,297.83,296.76
297.53,298.29,296.63
295.25,296.34,295.85
297.05,296.96,296.04
297.95,297.54,296.34
299.48,297.82,296.49
299.48,298.27,296.74
298.1,297.46,296.7
298.43,298.05,296.85
301,299.02,297.31
294.18,297.74,297.38
293.1,296.68,296.65
293.67,296.91,296.29
293.56,295.79,295.85
294.43,296,295.67
295.77,297.33,295.99
297.72,297.62,295.99
300.25,298.12,295.93
303.51,299.62,296.13
298.01,298.75,296.3
294.14,296.23,295.99
292.04,295.81,295.84
295.74,296.87,296.03
300.73,298.94,296.34
297.89,298.81,296.27
295.32,297.91,296.2
294.97,296.66,296.05
294.32,296.81,296.33
293.89,296.83,296.65
288.18,294.6,296.41
288.87,294.17,296.34
289.79,295.18,296.51
290.56,294.71,295.84
291.62,294.94,295.61
293.75,295.58,295.67
288.22,293.6,295.33
291.17,293.99,295.35
294.16,296.11,295.95
292.98,295.43,295.87
292.63,295.08,295.82
289.55,294.17,295.64
287.89,293.42,295.65
284.99,292.38,295.5
283.2,292.1,295.32
286.66,292.33,295.18
289.22,292.36,294.49
290.21,292.94,294.04
291.32,293.42,293.88
291.05,293.19,293.72
290.31,293.12,293.7
290.51,292.68,293.9
291.55,293.67,294
291.64,294.43,294.38
287.42,293.15,294.13
284,291.29,293.77
286.98,292.55,293.89
284.16,291.73,293.89
282.78,290.39,293.54
280.73,289.79,293.43
280.59,289.54,293.14
287.66,291.8,293.44
291.24,293.63,293.64
293.06,294.18,293.46
290.99,293.41,293.31
289.84,292.3,293.2
295.48,294.2,293.53
297.68,295.51,293.68
298.05,295.05,293.61
297.97,296.07,294.04
290.5,292.6,293.53
284.18,290.39,293.04
288.51,292.59,293.43
289.04,292.72,293.39
292.74,293.73,293.24
288.9,292.48,293.15
285.44,291.26,292.9
277.56,288.09,292.39
273.55,286.2,291.75
272.57,285.68,291.41
272,285.23,291.02
272.86,284.84,290.77
277.15,286.19,290.76
280.83,288.57,291.02
285.79,290.61,291.47
284.95,290.66,291.47
284.57,290.58,291.49
277.67,286.83,290.59
282.92,288.4,290.74
289.17,290.69,291.19
293.07,291.65,291.24
289.11,290.27,291.02
289.48,290.38,290.85
291.68,292.16,291.5
289.55,291.92,291.52
280.56,289.96,291.42
272.61,284.97,290.39
272.02,283.85,289.84
272.67,284.03,289.71
277.09,285.39,289.65
277.91,286.54,289.77
279.19,286.8,289.77
277.83,286.05,289.69
279.05,286.27,289.58
278.65,285.92,289.41
275.17,284.7,289.03
274.42,284.64,288.91
278.07,284.98,288.73
284.7,288.54,289.51
282.83,287.76,289.28
286.83,290.02,289.85
279.1,286.13,289.01
279.09,286.3,289.05
275.94,284.84,288.74
274.53,283.74,288.35
273.75,283.83,288.24
273.72,283.41,288.19
273.95,283.65,288.07
273.7,283.25,287.97
274.19,283.32,287.96
271.08,281.57,287.34
269,280.36,286.85
270.7,281.42,287.1
273.32,282.7,287.33
273.61,282.86,287.16
278.31,284.98,287.54
276.74,283.82,287.18
284.37,287.17,287.77
289.92,289.43,288.11
274.88,283.47,287.18
275.2,282.83,286.81
280.92,286.29,287.7
274.51,283.02,287.03
273.93,282.38,286.73
281.75,285.99,287.28
278.6,285.38,287.45
263.63,278.26,285.83
266.26,279.04,285.75
271.79,280.86,286.06
270.05,279.84,285.54
273.25,281.53,286.02
278.04,284.42,286.56
277.45,284.66,286.64
269.89,280.4,285.65
265.72,278.7,285.19
268.68,279.47,285.14
273.93,281.16,285.39
270.43,280.82,285.38
268.32,279.41,284.98
267.18,278.62,284.64
272.56,280.85,285.08
272.98,281.18,285.11
276.53,282.94,285.39
272.85,281.2,284.95
280.07,285.07,285.74
274.34,281.99,285.05
275.99,282.92,285.33
268.61,278.1,284.04
276.76,282.6,285.04
277.32,282.7,284.82
281.99,284.41,285.21
278.41,283.58,285.14
265.25,277.58,283.74
273.54,281.37,284.53
277.05,283.37,285.08
280.22,283.6,284.86
274.5,282.23,284.82
270.92,280.47,284.36
267.16,278.37,283.72
268.53,279.1,283.91
262.24,276,283.15
260.17,275.02,282.78
263.79,276.35,282.86
267.61,277.72,282.98
273.75,280.3,283.29
274.99,281.41,283.9
269.59,279.28,283.35
266.19,277.25,282.69
267.16,278,282.79
273.61,279.23,283
275.64,282.83,283.92
272.26,279.24,283.1
275.5,281.3,283.17
276.94,282.31,283.71
271.17,278.68,282.63
273.03,278.98,282.64
272.05,280.07,283.26
260.31,275.97,282.49
254.64,272.36,281.41
256.65,273.3,281.53
257.35,274.18,281.55
262.01,275.66,281.7
273.28,280.49,282.62
263.8,277.5,282.29
256.35,274.26,281.66
257.68,273.39,281.07
267.63,277.35,281.9
261.75,275.47,281.34
262.83,275.84,281.33
271.74,278.58,282.03
272.91,278.98,281.93
273.25,279.13,281.96
275.33,280.52,282.3
273.21,279.74,282.19
271.86,278.78,281.84
274.29,279.53,281.98
275.06,280.33,282.24
274.32,280.53,282.42
272.66,278.68,281.84
273.28,279.52,282
272.88,280.09,282.38
265.51,276.54,281.45
265.79,276.09,281.31
271.8,277.88,281.5
275.6,279.91,281.91
275.45,281.37,282.47
269.36,277.38,281.56
273.88,278.87,281.71
277.31,282.17,282.39
264.86,278.9,282.46
260.33,275.4,281.26
262.41,275.9,281.11
267.37,277.58,281.29
259.25,275.16,281.1
269.37,277.3,281.07
275.31,279.4,281.47
277.88,281.49,281.9
277.3,280.67,281.72
276.7,280.87,281.8
275.2,279.69,281.53
276.47,280.74,281.79
277.18,280.91,281.82
280.22,282.44,282.3
281.47,282.43,282.26
278.26,280.7,281.8
279.85,281.13,281.95
281.99,283.76,282.48
282.43,283.99,282.77
287.34,285.03,282.9
288.19,286.29,283.4
288.14,286.53,283.58
284.61,286,283.67
275.05,281.03,282.55
275.76,280.97,282.46
277.65,281.63,282.62
281.14,282.6,282.82
284.81,284.64,283.33
281.33,283.99,283.6
281.92,283.7,283.42
282.71,284.51,283.82
281.17,283.88,283.72
277.33,282,283.45
276.05,281.15,283.2
280.13,283.22,283.61
278.95,283.85,284.04
273.42,280.95,283.28
284.21,284.64,284.07
283.45,285.13,284.39
278.24,282.48,283.91
277.61,282.61,283.86
280.53,283.75,284.21
283.72,285.4,284.45
283.11,285.95,284.86
289.21,287.91,285.13
285.93,286.67,285.23
285.84,286.6,285.14
289.66,288.3,285.63
290.32,289.45,286.2
284.23,287.51,286.22
279.03,284.89,285.8
279.88,284.39,285.68
281.83,285.59,285.8
281.94,285.61,285.59
283.78,286.07,285.62
284.38,286.46,285.78
284.14,285.67,285.49
283.41,285.54,285.55
285.47,286.8,286.02
287.58,287.59,286.39
289.92,287.55,286.35
291.67,289.37,286.91
294.07,290.48,287.22
286.79,288.81,287.57
284.61,287.54,287.5
283.01,287.59,287.6
288.87,288.77,287.67
293.95,291.05,288.11
288.93,288.81,287.78
289.54,289.05,287.94
289.58,288.94,288.12
288.02,288.71,288.17
286.98,288.78,288.13
286.33,288.52,288.32
288.42,288.82,288.53
294.44,291.84,289.18
296.39,293.18,289.77
293.75,292.62,289.98
296.78,293.26,290.2
295.59,293.68,290.62
288.39,290.58,290.28
284.92,289.21,290.26
292.75,292.18,290.56
290.44,291.97,290.75
283.38,288.38,290.01
291.28,291.91,290.37
289.64,291.68,290.38
289.37,290.35,289.86
290.83,291.48,290.24
292.4,292.04,290.47
294.5,293.03,290.8
295.91,292.81,290.9
300.02,295.39,291.74
297.97,294.36,291.9
294.94,294.89,292.5
287.76,292.01,292.4
286.25,291.73,292.38
291.04,292.79,292.49
290.98,292.93,292.47
291.86,293.64,292.68
288.05,292.58,292.53
288.78,292.48,292.53
289.2,292.69,292.56
289.89,292.78,292.54
291.1,293.11,292.46
293.65,293.51,292.48
294.25,293.98,292.75
295.87,295.77,293.26
292.34,293.85,293.1
288.84,292.55,292.83
291.12,292.58,292.65
291.37,293.98,292.79
288.28,291.97,291.99
288.73,291.81,292.07
292.74,292.76,292.06
297.47,294.5,292.47
295.7,294.33,292.46
291.36,293.74,292.56
293.47,293.65,292.95
295.24,293.72,292.84
295.72,293.96,292.68
293.12,294.35,292.94
289.23,292.59,292.68
290.18,293.03,292.92
291.72,294.17,293.38
291.27,293.37,293.05
292.85,293.32,292.96
292.92,293.67,293
294.74,294.18,292.97
299.96,296.41,293.56
300.93,298.48,294.5
301.22,298.38,294.8
302.51,298.85,295.13
300.73,298.57,295.38
295,295.65,295.19
289.95,293.56,294.9
290.46,293.61,294.87
294.78,295.07,294.41
299.98,296.77,294.38
295.75,295.85,294.45
295.12,295.17,294.04
294.61,294.52,294.06
293.94,294.74,294.15
293.94,294.64,294.22
295.2,295.85,294.68
294.15,295.7,294.95
293.76,295.1,294.74
294.74,295.25,294.92
297.38,296.79,295.49
299.66,297.69,295.86
302.29,298.83,296.19
296.15,296.43,295.73
299.56,296.8,295.64
305.41,300.24,296.47
305.76,301.28,296.92
297.32,297.83,296.62
289.55,294.85,296.21
293.29,296.97,296.71
295.5,297.23,296.52
298.5,298.13,296.31
298.78,298.14,296.45
299.15,298.45,296.71
296.97,298.05,296.98
297.61,298.11,297.08
296.71,297.98,297.09
294.17,296.86,296.75
288.64,294.39,296.17
287.07,293.51,296.01
289.88,294.21,295.58
294.61,295.09,295.27
295.69,296.28,295.51
292.41,294.31,294.84
289.15,293.12,294.37
295.14,295.13,294.52
301.05,297.59,294.98
297.86,296.62,295.1
297.58,296.89,295.19
291.16,294.26,294.84
288.81,293.31,294.82
284.78,292.37,294.68
283.76,292.11,294.71
282.53,290.87,294.16
280.88,290.29,293.83
281.3,290.17,293.61
283.68,290.29,293.32
287.03,291.23,293.16
291.61,293.94,293.68
288.43,292.98,293.44
285.79,291.08,292.84
290.77,292.46,292.96
289.26,291.84,292.87
289.27,290.73,292.4
289.87,292.45,292.9
287.5,291.38,292.73
293.56,293.36,292.98
287.6,291.27,292.72
289.29,291.15,292.59
289.4,292.81,293.08
288.07,292.5,292.93
282.71,290.82,292.82
285.99,290.35,292.31
291.78,292.51,292.51
292.31,293.32,292.73
282.98,289.54,291.87
281.88,288.59,291.72
287.15,290.44,291.94
289.1,291.63,292.2
287.91,290.71,291.9
283.86,289.51,291.74
283.55,288.79,291.46
287.51,290.13,291.68
291.87,291.52,291.81
290.94,292.94,292.36
285.82,290.27,291.96
286.91,290.6,291.85
291.53,292.17,292.08
293.22,293.01,292.26
292.93,293.48,292.39
290.61,293.16,292.46
293.7,293.77,292.55
290.82,291.83,292.4
289.69,291.65,292.45
288.76,290.64,292.27
287.16,289.88,291.96
281.04,287.47,291.41
280.31,287.78,291.4
280.61,288.08,291.28
281.29,288.7,291.31
281.56,288.49,291.15
278.15,287,290.72
279.16,286.69,290.46
279.72,286.79,290.37
285.46,289.27,290.72
284.03,289.04,290.9
277.74,286.09,290.04
274.57,284.79,289.67
278.35,286.18,290.03
282.3,288.88,290.55
278.96,286.15,289.73
280.91,287.49,289.93
284.75,288.28,290.09
287.45,289.62,290.27
288.74,289.71,290.31
290.4,291.07,290.57
280.72,288.05,290.28
276.58,286.11,289.84
274.97,285.4,289.71
276,285.56,289.57
274.73,284.85,289.24
272.41,283.5,288.89
274.13,283.41,288.64
279.58,287.23,289.4
276.74,285.48,289.12
273.13,283.12,288.28
274.09,283.57,288.27
274.03,283.86,288.25
283.24,285.8,288.26
281.57,287.09,288.78
272.63,282.45,287.55
270.06,280.78,287.11
269.52,280.89,287.15
270.63,281.25,287.13
269.84,281.28,286.93
268.98,281.45,286.9
270.27,281.9,286.84
273.42,283.54,287.01
268.68,281.57,286.83
265.33,278.98,285.95
264.96,278.64,285.64
264.89,278.86,285.53
266.5,279.63,285.58
268.81,280.34,285.62
269.72,280.51,285.56
269.74,280.72,285.59
272.8,282.05,286
270.11,280.92,285.57
267.93,280.16,285.38
271.11,281.4,285.65
271.12,280.75,285.39
273.53,281.31,285.42
270.79,280.05,285.05
270.37,279.74,284.86
274.15,281.73,285.38
269.57,279.86,284.88
263.69,277.16,284.1
265.53,277.96,284.26
272.48,280.37,284.66
273.32,280.51,284.56
274.33,280.87,284.51
274.53,281.81,284.88
274.4,281.51,284.77
261.5,276.47,283.71
264.12,276.73,283.44
262.21,277.52,283.83
266.89,279.4,284
267.54,279.75,284.26
254.83,274.58,283.15
260.98,275.42,282.93
266.1,278.58,283.73
258.88,275.27,282.89
270.64,279.07,283.42
274.6,281.01,283.84
277.72,283.28,284.37
272.83,279.95,283.54
283.06,284.74,284.51
278.45,284.01,284.5
260.99,275.26,282.47
266.67,277.38,282.77
273.19,280.42,283.74
275.64,282.16,283.99
270,280.02,283.69
254.03,272.39,281.67
262.74,275.86,282.27
271.25,280.11,283.27
268.84,277.92,282.49
264.1,275.55,281.88
270.42,278.63,282.53
274.36,280.11,282.92
277.66,282.3,283.32
269.8,278.42,282.4
269.51,278.22,282.14
273.11,279.79,282.62
273.59,280.17,282.76
274.2,280.91,282.89
272.32,279.09,282.17
275.6,282.01,283.14
273.7,280.09,282.61
267.63,278.37,282.31
263.62,276.6,282.14
263.57,276.47,281.88
265.14,277.35,282.02
267.25,278.24,282
274.95,281.02,282.49
275.11,280.61,282.45
278.64,282.59,282.89
272.32,279.97,282.44
270.47,277.94,281.79
276.94,281.66,282.68
279.61,283.97,283.22
286.99,286.36,283.56
278.25,285.2,283.61
264.43,277.59,282.35
262.06,275.5,281.57
269.71,277.59,281.85
282.44,284.02,283.14
271.73,280.22,282.66
267.1,277.23,281.8
268.29,277.77,281.96
268.91,277.99,281.91
272.7,278.88,282.07
273.54,279.62,282.28
268.72,278.26,281.89
263.24,275.76,281.32
263.81,276.62,281.64
261.65,275.1,281.17
262.33,274.85,280.9
264.26,276.72,281.2
273.25,279.7,281.85
273.28,279.31,281.7
272.16,278.83,281.54
269.26,277.68,281.25
271.77,278.91,281.55
272.48,278.97,281.63
274.13,280.67,281.96
277.28,283.96,282.85
274.38,281.49,282.4
270.62,279.79,282.08
267.75,277.17,281.26
277.59,281.51,282.24
273.45,281.1,282.4
268.86,277.78,281.41
276.25,281.41,282.21
276.2,281.69,282.42
275.97,283.3,283
273.36,279.67,282.02
276.91,281.66,282.18
276.84,282.63,282.49
273.53,280.9,282.33
272.61,279.54,281.98
273.07,279.1,281.72
275.14,280.25,281.91
277.12,281.73,282.28
277.62,282.2,282.47
278.26,282.08,282.52
277.74,282.47,282.69
276.05,280.89,282.29
275.86,281.13,282.39
272.86,279.48,282.05
272.41,278.95,281.8
272.79,279.21,282
273.4,279.55,282.06
274.87,280.36,282.17
276.71,280.61,282.31
279.38,282.23,282.82
281.47,283.59,283.11
278.49,282.58,282.91
277.95,282.17,282.96
277.91,282.4,282.98
279.65,283.08,283.26
277.23,281.89,282.94
276.03,281.79,283.01
278.87,283.35,283.28
280.7,283.69,283.37
290.06,286.94,283.97
290.69,288.28,284.51
276.37,283.04,283.91
276.32,281.96,283.43
277.29,282.24,283.68
290.5,287.82,284.62
290.28,288.09,284.83
292.15,288.67,285.01
289.96,288.35,285.31
285.57,286.95,285.4
288.95,287.71,285.59
291.45,289.04,285.86
283.29,287.33,286.16
280.28,285.23,285.73
284.92,286.03,285.91
289.01,287.99,286.14
290.16,289.22,286.57
288.22,289.09,286.97
290.41,290.08,287.42
283.36,288.32,287.77
282.17,286.12,287.26
281.77,286.51,287.28
280.9,286.36,286.85
279.28,284.63,285.94
280.53,285.24,285.76
281.92,286.31,286.04
283.33,286.03,286.09
283.09,285.81,285.91
287.06,287.47,286.3
288.65,287.82,286.47
287.91,287.57,286.39
290.39,288.61,286.56
295.29,290.82,287.26
296.53,292.69,287.91
290.12,290.2,287.74
287.12,288.36,287.59
286.94,287.87,287.52
295.69,291.68,288.26
291.24,290.54,288.3
289.88,289.52,288.02
294.99,291.66,288.67
300.87,295.18,289.6
304.87,296.21,289.97
297.03,292.8,289.66
300.59,293.06,289.84
299.62,294.22,290.41
299.36,293.97,289.72
309.02,298.28,290.91
303.05,297.51,291.11
293.08,292.81,290.31
289.85,291.14,290.21
292.66,292.9,290.56
293.73,293.53,291.1
298.54,295.24,291.43
299.64,295.46,291.72
298.14,295.31,292.03
294.05,293.37,291.43
291.63,291.9,291.14
291.58,293.05,291.7
289.27,291.58,291.38
292.49,293.05,291.69
287.62,291.65,291.35
284.67,289.68,290.78
287.72,290.3,290.85
289.07,291.74,291.19
288.79,291.23,291.17
293.75,292.95,291.43
294.55,293.54,291.8
299.86,294.92,291.97
299.6,295.59,292.58
296.87,295.46,292.86
295.28,294.73,293.13
295.55,294.91,293.51
297.94,295.6,293.83
299.03,295.71,293.96
300.66,296.3,293.95
292.5,294.27,293.77
288.69,292.71,293.45
289.54,292.01,293.13
290.18,292.89,293.05
291.1,292.84,292.69
292.46,292.39,292.38
292.6,293.36,292.64
295.08,294.07,292.7
295.76,294.17,292.79
292.78,293.69,292.94
295.67,294.75,293.12
296.4,295.18,293.27
301.33,296.6,293.49
294.73,295.3,293.67
290.32,293.28,293.57
294.93,295.15,293.83
297.28,296.41,293.99
293.66,293.99,293.54
295.96,293.94,293.36
301.28,296.96,293.91
297.12,295.17,293.78
296.21,294.79,293.82
303.99,297.94,294.37
302.51,297.3,294.54
304.19,298.07,294.57
302.1,297.69,294.98
297.2,296.82,295
293.81,295.85,295.27
295.26,296.77,295.04
295.75,297.29,295.28
290.73,295,295.17
291.82,295.6,295.18
291.14,294.8,294.93
292.97,295.95,295.27
295.95,296.18,295.18
295.74,295.75,295.27
301.75,298.3,295.81
299.37,298.12,296.09
299.27,298,296.04
301.57,299.29,296.28
304.18,300.2,296.74
302.96,299.62,296.88
303.64,299.74,296.99
302.46,300.16,297.29
298.54,299.05,297.32
296.67,298.04,297.4
295.54,297.03,296.96
299.25,298.7,296.88
294.06,297.16,296.7
293.1,296.21,296.35
294.18,296.36,296.32
290.72,294.81,296.22
296.09,296,296.1
296.1,297.97,296.32
293.94,295.73,295.56
296.42,296.13,295.45
299.49,298.29,295.92
295.61,297.74,296.11
294.1,295.41,295.93
291.34,295.02,296.12
286.08,293.1,295.74
293.47,295.91,295.99
291.15,294.66,295.27
296.09,296.56,295.22
290.98,294.22,294.55
288.78,293.01,294.05
289.6,293,294.04
291.42,294.2,294.27
292.2,295.17,294.6
295.9,295.36,294.62
296.3,295.72,294.62
294.35,294.4,294.6
291.59,293.47,294.57
290.46,293,294.37
292.82,295.26,294.81
293.78,294.65,294.39
291.01,293.95,294.41
287.28,292.69,294.18
287.27,293.01,294.26
288.42,293.14,294.19
290.61,293.5,293.9
290.97,293.42,293.83
291.69,293.81,294
291.89,293.78,294.1
291.17,293.62,294.05
293.22,293.82,294.24
293.75,294.82,294.3
282.53,290.06,293.41
283.78,290.07,293.34
288.31,292.19,293.49
290.46,292.74,293.46
292.06,293.44,293.65
290.97,292.54,293.43
291.41,292.51,293.49
293,293.87,293.77
291.31,294.22,294.09
295.51,295.36,294.22
294.76,295.48,294.32
294.08,295,294.31
295.67,295.02,294.25
295.75,295.44,294.46
294.64,294.51,294.17
296.99,296.27,294.64
290.09,293.8,294.36
282.14,290.23,293.56
284.52,290.47,293.48
289.12,293.13,293.84
288.89,291.71,293.1
286.83,290.49,292.75
284.74,289.61,292.53
287.8,292.31,293.08
282.63,290.93,292.97
277.57,287.45,291.91
275.35,286.8,291.61
275.1,286.77,291.34
275.77,286.62,291.1
277.48,287.44,290.97
277.7,288.23,291.08
278.69,288.16,291.08
281.61,288.91,290.92
283.23,288.85,290.85
278.5,287.73,290.7
276.94,286.32,290.18
275.2,285.9,290.04
274.64,285.54,289.85
274.16,285,289.62
272.35,284.45,289.33
276.6,285.99,289.33
279.47,287.51,289.44
275.24,286.21,289.42
271.49,283.11,288.52
272.24,283,288.31
272.95,283.31,288.15
280.05,287.67,288.94
273.83,283.87,288.12
274,283.75,287.93
283.32,287.35,288.58
278.53,285.46,288.16
270.82,281.49,287.2
270.7,281.36,287.14
271.12,281.61,286.99
273.36,283.41,287.15
270.03,282.36,287.28
271.53,281.75,286.83
272.46,282.71,286.91
277.39,284.56,287.28
284.14,287.39,287.76
278.01,284.28,287.07
275.6,283,286.68
280.91,285.24,287.07
290.4,288.89,287.76
285.44,287.62,287.56
272.13,281.43,286.17
271.6,281.38,286.21
270.13,280.6,285.96
268.35,280.02,285.75
268.48,280.02,285.61
265.85,279.33,285.48
265.68,278.65,285.23
270.79,280.61,285.53
268.63,279.53,285.14
272.34,280.52,285.11
275.1,282.46,285.68
273.57,281.72,285.39
276.51,285.61,286.41
270.06,281.04,285.52
269.8,279.61,284.84
266.59,278.75,284.65
267.88,279.13,284.7
271.98,280.73,285.1
272.68,280.78,285.04
271.98,280.69,284.86
274.22,281.55,285.11
270.97,280.23,284.77
267.94,279.14,284.35
270.38,280.08,284.49
275.55,283.34,285.36
272.64,280.49,284.51
273.41,280.91,284.49
274.13,281.51,284.74
273.76,281.8,284.85
271.98,280.02,284.37
273.54,281.25,284.52
280.47,284.12,285.14
